task_key,task,model,family,lp_avg,ft_avg,delta_ft_minus_lp,lp_run_range,ft_run_range,lp_run_std,ft_run_std,imagenet_top1,imagenet_top5,param_count_m,img_size
vpt1_v18_depth,VPT1 v18 Depth,beit3_base_patch16_224.in22k_ft_in1k,beit3,79.492,92.8,13.307999999999993,0.42900000000000205,0.9369999999999976,0.19369563753476807,0.43280660294819245,85.39,97.64,86.66,224
vpt1_v18_depth,VPT1 v18 Depth,beit3_large_patch16_224.in22k_ft_in1k,beit3,80.026,92.578,12.552000000000007,0.5069999999999908,0.7420000000000044,0.20718590685661623,0.3041516434646101,87.628,98.334,304.57,224
vpt1_v18_depth,VPT1 v18 Depth,beit3_large_patch16_224.indomain_in22k_ft_in1k,beit3,80.833,93.229,12.396,0.703000000000003,0.8979999999999961,0.2875718267764703,0.3986162175437533,87.534,98.364,304.57,224
vpt1_v18_depth,VPT1 v18 Depth,beit_base_patch16_224.in22k_ft_in22k_in1k,beit,80.26,91.758,11.49799999999999,1.25,0.35200000000000387,0.531213286313091,0.14637015482065532,85.238,97.654,86.53,224
vpt1_v18_depth,VPT1 v18 Depth,beit_base_patch16_384.in22k_ft_in22k_in1k,beit,81.107,92.774,11.667000000000002,0.4680000000000035,0.8979999999999961,0.21202358359390253,0.3917629668845947,86.814,98.136,86.74,384
vpt1_v18_depth,VPT1 v18 Depth,beit_large_patch16_224.in22k_ft_in22k_in1k,beit,81.042,92.096,11.054000000000002,0.2740000000000009,0.39100000000000534,0.11225665038453503,0.16375252330541157,87.486,98.318,304.43,224
vpt1_v18_depth,VPT1 v18 Depth,beit_large_patch16_384.in22k_ft_in22k_in1k,beit,80.794,93.008,12.213999999999999,0.39100000000000534,1.4059999999999917,0.16065352643361464,0.5766408472061814,88.38,98.604,305.0,384
vpt1_v18_depth,VPT1 v18 Depth,beit_large_patch16_512.in22k_ft_in22k_in1k,beit,81.472,93.255,11.783000000000001,0.5080000000000098,0.11699999999999022,0.23947349656184871,0.04864154602805675,88.576,98.656,305.67,512
vpt1_v18_depth,VPT1 v18 Depth,beitv2_base_patch16_224.in1k_ft_in1k,beitv2,77.8,92.161,14.361000000000004,0.5079999999999956,1.0149999999999864,0.2172131569577572,0.4160210998922424,85.596,97.514,86.53,224
vpt1_v18_depth,VPT1 v18 Depth,beitv2_base_patch16_224.in1k_ft_in22k_in1k,beitv2,81.133,91.732,10.599000000000004,0.4680000000000035,0.5079999999999956,0.19886176103011965,0.23083086641280837,86.494,98.056,86.53,224
vpt1_v18_depth,VPT1 v18 Depth,beitv2_large_patch16_224.in1k_ft_in1k,beitv2,78.724,92.721,13.997,0.625,0.8200000000000074,0.28587915084680526,0.3695414576050852,87.414,98.216,304.43,224
vpt1_v18_depth,VPT1 v18 Depth,beitv2_large_patch16_224.in1k_ft_in22k_in1k,beitv2,82.122,92.305,10.183000000000007,0.3130000000000024,0.7810000000000059,0.12906415286808212,0.33746143812623014,88.406,98.602,304.43,224
vpt1_v18_depth,VPT1 v18 Depth,caformer_m36.sail_in1k,caformer,75.508,92.877,17.369,0.5080000000000098,0.7809999999999917,0.20918466058060772,0.36816693073779183,85.242,97.226,56.2,224
vpt1_v18_depth,VPT1 v18 Depth,caformer_m36.sail_in22k_ft_in1k,caformer,80.443,92.513,12.070000000000007,0.7419999999999902,0.39000000000000057,0.3096302454362077,0.17537958832201653,86.606,98.038,56.2,224
vpt1_v18_depth,VPT1 v18 Depth,caformer_s18.sail_in1k,caformer,78.529,91.719,13.189999999999998,0.8990000000000009,1.5629999999999882,0.40665655725139294,0.6752314829416284,83.664,96.526,26.34,224
vpt1_v18_depth,VPT1 v18 Depth,caformer_s18.sail_in22k_ft_in1k,caformer,77.357,91.979,14.622,1.6410000000000053,0.5860000000000127,0.6701941675531242,0.2436532144029529,84.092,97.182,26.34,224
vpt1_v18_depth,VPT1 v18 Depth,caformer_s36.sail_in1k,caformer,76.576,92.188,15.612000000000009,0.2740000000000009,0.9370000000000118,0.12102433180517431,0.3825287207808401,84.528,97.01,39.3,224
vpt1_v18_depth,VPT1 v18 Depth,caformer_s36.sail_in22k_ft_in1k,caformer,80.234,92.747,12.513000000000005,0.7420000000000044,0.625,0.3140767775914401,0.2712886941167198,85.78,97.832,39.3,224
vpt1_v18_depth,VPT1 v18 Depth,cait_m36_384.fb_dist_in1k,cait,84.075,93.451,9.37599999999999,0.8200000000000074,1.0150000000000006,0.33489633553617393,0.4339664605575966,86.06,97.732,271.22,384
vpt1_v18_depth,VPT1 v18 Depth,cait_s24_224.fb_dist_in1k,cait,79.375,91.536,12.161000000000001,0.820999999999998,1.1709999999999923,0.36242608441814006,0.4794888482077062,83.484,96.586,46.92,224
vpt1_v18_depth,VPT1 v18 Depth,cait_s36_384.fb_dist_in1k,cait,80.56,92.734,12.173999999999992,1.093999999999994,0.1559999999999917,0.4470018642764978,0.06368673331235924,85.458,97.48,68.37,384
vpt1_v18_depth,VPT1 v18 Depth,cait_xxs24_224.fb_dist_in1k,cait,75.286,90.86,15.573999999999998,0.3130000000000024,1.5229999999999961,0.12906415286808212,0.7179490851647394,78.4,94.326,11.96,224
vpt1_v18_depth,VPT1 v18 Depth,cait_xxs36_224.fb_dist_in1k,cait,76.393,91.666,15.272999999999996,1.8359999999999985,0.5470000000000113,0.8233941947815767,0.23518267131931941,79.75,94.866,17.3,224
vpt1_v18_depth,VPT1 v18 Depth,coat_lite_medium.in1k,coat,79.323,92.24,12.917000000000002,0.9369999999999976,1.1330000000000098,0.43280660294819245,0.49458826872011313,83.602,96.714,44.57,224
vpt1_v18_depth,VPT1 v18 Depth,coat_lite_mini.in1k,coat,76.628,90.547,13.918999999999997,0.4299999999999926,0.8589999999999947,0.18704960720502486,0.387861086243802,79.104,94.606,11.01,224
vpt1_v18_depth,VPT1 v18 Depth,coat_lite_small.in1k,coat,79.401,91.601,12.200000000000003,0.5859999999999985,0.703000000000003,0.2394011046108363,0.3075519829593431,82.304,95.854,19.84,224
vpt1_v18_depth,VPT1 v18 Depth,coat_lite_tiny.in1k,coat,75.56,90.716,15.155999999999992,1.171999999999997,0.546999999999997,0.5196340592720571,0.235035221946742,77.548,93.924,5.72,224
vpt1_v18_depth,VPT1 v18 Depth,coat_mini.in1k,coat,75.26,91.641,16.381,1.2890000000000015,0.8980000000000103,0.5302089734770215,0.37587793526918406,81.32,95.388,10.34,224
vpt1_v18_depth,VPT1 v18 Depth,coat_small.in1k,coat,77.11,92.76,15.650000000000006,0.8199999999999932,1.3290000000000077,0.3448916093821659,0.5475547664135755,82.378,96.214,21.69,224
vpt1_v18_depth,VPT1 v18 Depth,coat_tiny.in1k,coat,72.89,91.055,18.165000000000006,0.4690000000000083,0.39100000000000534,0.22108872025099777,0.16880824097840325,78.442,94.044,5.5,224
vpt1_v18_depth,VPT1 v18 Depth,coatnet_0_rw_224.sw_in1k,coatnet,79.505,91.615,12.11,0.820999999999998,0.4299999999999926,0.3383085376792403,0.20270394394014013,82.396,95.844,27.44,224
vpt1_v18_depth,VPT1 v18 Depth,coatnet_1_rw_224.sw_in1k,coatnet,78.984,91.562,12.578000000000003,0.8979999999999961,0.7810000000000059,0.41443482264672266,0.323617400987994,83.62,96.382,41.72,224
vpt1_v18_depth,VPT1 v18 Depth,coatnet_bn_0_rw_224.sw_in1k,coatnet,79.166,91.458,12.292000000000002,0.6639999999999873,0.27299999999999613,0.2894043691599807,0.12055704044144208,82.394,96.194,27.44,224
vpt1_v18_depth,VPT1 v18 Depth,coatnet_nano_rw_224.sw_in1k,coatnet,78.112,91.471,13.359000000000009,0.820999999999998,0.8200000000000074,0.3412926408035573,0.3379362201494397,81.704,95.65,15.14,224
vpt1_v18_depth,VPT1 v18 Depth,coatnet_rmlp_1_rw2_224.sw_in12k_ft_in1k,coatnet,77.8,92.227,14.427000000000007,0.39100000000000534,0.5859999999999985,0.1843191676292959,0.24084480941515443,84.94,96.968,41.72,224
vpt1_v18_depth,VPT1 v18 Depth,coatnet_rmlp_1_rw_224.sw_in1k,coatnet,77.578,91.289,13.710999999999999,1.2890000000000015,0.6639999999999873,0.5326956604541356,0.304237115129335,83.35,96.452,41.69,224
vpt1_v18_depth,VPT1 v18 Depth,coatnet_rmlp_2_rw_224.sw_in1k,coatnet,75.547,90.833,15.286000000000001,0.625,0.546999999999997,0.25515529040610196,0.24158136425551255,84.608,96.744,73.88,224
vpt1_v18_depth,VPT1 v18 Depth,coatnet_rmlp_nano_rw_224.sw_in1k,coatnet,74.87,91.224,16.354,0.625,0.9380000000000024,0.25782466048761754,0.3899341824804121,82.064,95.874,15.15,224
vpt1_v18_depth,VPT1 v18 Depth,convformer_s18.sail_in1k_384,convformer,77.682,91.602,13.920000000000002,0.1559999999999917,0.546999999999997,0.07353910524339703,0.2233119392737918,84.392,97.11,26.77,384
vpt1_v18_depth,VPT1 v18 Depth,convit_base.fb_in1k,convit,81.016,91.484,10.46799999999999,0.625,1.25,0.2609985100000043,0.5561446654323744,82.296,95.936,86.54,224
vpt1_v18_depth,VPT1 v18 Depth,convit_small.fb_in1k,convit,78.242,91.185,12.942999999999998,0.7820000000000107,0.3509999999999991,0.35979840034231986,0.1504858797362721,81.412,95.74,27.78,224
vpt1_v18_depth,VPT1 v18 Depth,convit_tiny.fb_in1k,convit,74.388,90.182,15.793999999999997,1.25,0.9759999999999991,0.531082542234883,0.41113852761434183,73.14,91.704,5.71,224
vpt1_v18_depth,VPT1 v18 Depth,convmixer_1536_20.in1k,convmixer,81.081,87.227,6.146000000000001,0.23399999999999466,0.8979999999999961,0.09728309205611983,0.41443482264672266,81.382,95.618,51.63,224
vpt1_v18_depth,VPT1 v18 Depth,convnext_base.clip_laion2b_augreg_ft_in12k_in1k_384,convnext,81.601,87.305,5.704000000000008,0.39100000000000534,17.108999999999995,0.16896219169454124,8.010675252436586,87.144,98.228,88.59,384
vpt1_v18_depth,VPT1 v18 Depth,convnext_base.fb_in22k_ft_in1k,convnext,80.599,90.586,9.986999999999995,0.3119999999999976,0.3119999999999976,0.14707821048680075,0.13880201727640565,85.814,97.856,88.59,224
vpt1_v18_depth,VPT1 v18 Depth,convnext_base.fb_in22k_ft_in1k_384,convnext,82.266,91.003,8.736999999999995,0.19599999999999795,0.703000000000003,0.0847125859729379,0.28937442104573863,86.826,98.244,88.59,384
vpt1_v18_depth,VPT1 v18 Depth,convnext_large.fb_in22k_ft_in1k,convnext,81.927,91.38,9.452999999999989,0.1950000000000074,0.23399999999999466,0.08013738203859973,0.0972830920561211,86.612,98.036,197.77,224
vpt1_v18_depth,VPT1 v18 Depth,convnext_large.fb_in22k_ft_in1k_384,convnext,81.836,91.25,9.414000000000001,0.3120000000000118,1.4840000000000089,0.1388020172764123,0.6058404630483764,87.456,98.38,197.77,384
vpt1_v18_depth,VPT1 v18 Depth,convnext_large_mlp.clip_laion2b_augreg_ft_in1k,convnext,77.969,92.721,14.75200000000001,0.0,0.8200000000000074,0.0,0.3379362201494397,87.344,98.222,200.13,256
vpt1_v18_depth,VPT1 v18 Depth,convnext_large_mlp.clip_laion2b_soup_ft_in12k_in1k_384,convnext,78.112,92.851,14.739000000000004,0.5069999999999908,1.328000000000003,0.2120235835938979,0.5669787375985901,88.334,98.574,200.13,384
vpt1_v18_depth,VPT1 v18 Depth,convnext_nano.in12k_ft_in1k,convnext,76.719,90.547,13.828000000000003,1.328000000000003,0.9770000000000039,0.5669787375985901,0.39981078858213437,82.306,96.338,15.59,224
vpt1_v18_depth,VPT1 v18 Depth,convnext_small.fb_in1k,convnext,76.12,90.391,14.271,0.8589999999999947,1.328000000000003,0.35115460349474864,0.5421537297360113,83.144,96.432,50.22,224
vpt1_v18_depth,VPT1 v18 Depth,convnext_small.fb_in22k_ft_in1k,convnext,78.385,90.534,12.149000000000001,0.703000000000003,0.39000000000000057,0.2963290213409567,0.16027476407719407,84.582,97.414,50.22,224
vpt1_v18_depth,VPT1 v18 Depth,convnext_small.in12k_ft_in1k_384,convnext,76.523,92.709,16.186000000000007,0.3130000000000024,0.8199999999999932,0.1277819322996114,0.34976976554426104,86.186,97.92,50.22,384
vpt1_v18_depth,VPT1 v18 Depth,convnext_tiny.fb_in22k_ft_in1k,convnext,78.763,90.651,11.887999999999991,1.0160000000000053,0.7040000000000077,0.45369887223429084,0.3017493441031299,78.95,94.708,28.59,288
vpt1_v18_depth,VPT1 v18 Depth,convnext_xlarge.fb_in22k_ft_in1k_384,convnext,82.708,91.745,9.037000000000006,0.703000000000003,0.5470000000000113,0.3225981332177176,0.22404810991293303,87.764,98.552,350.2,384
vpt1_v18_depth,VPT1 v18 Depth,convnext_xxlarge.clip_laion2b_soup_ft_in1k,convnext,83.373,92.995,9.622,0.6640000000000015,0.19499999999999318,0.2894043691599873,0.09192388155424797,88.622,98.718,846.47,256
vpt1_v18_depth,VPT1 v18 Depth,convnextv2_atto.fcmae_ft_in1k,convnextv2,73.203,91.107,17.903999999999996,0.9380000000000024,1.4460000000000122,0.3829368964551045,0.6478242217007844,76.644,93.042,3.71,224
vpt1_v18_depth,VPT1 v18 Depth,convnextv2_base.fcmae_ft_in22k_in1k,convnextv2,80.456,92.344,11.887999999999991,1.25,1.093999999999994,0.531082542234883,0.4983501669397588,86.752,98.02,88.72,224
vpt1_v18_depth,VPT1 v18 Depth,convnextv2_base.fcmae_ft_in22k_in1k_384,convnextv2,80.612,92.539,11.927000000000007,0.5459999999999923,0.1950000000000074,0.2236604569431052,0.08424962907930537,87.638,98.416,88.72,384
vpt1_v18_depth,VPT1 v18 Depth,convnextv2_large.fcmae_ft_in1k,convnextv2,76.081,92.331,16.25,0.703000000000003,0.7029999999999887,0.3225981332177176,0.2875718267764643,85.762,97.574,197.96,224
vpt1_v18_depth,VPT1 v18 Depth,convnextv2_large.fcmae_ft_in22k_in1k,convnextv2,81.576,92.305,10.729000000000013,0.5859999999999985,0.2740000000000009,0.2598170296360272,0.11526587622632398,87.266,98.24,197.96,224
vpt1_v18_depth,VPT1 v18 Depth,convnextv2_large.fcmae_ft_in22k_in1k_384,convnextv2,83.75,92.643,8.893,0.11700000000000443,1.0160000000000053,0.055154328932552794,0.41518750784033515,88.18,98.52,197.96,384
vpt1_v18_depth,VPT1 v18 Depth,convnextv2_nano.fcmae_ft_in22k_in1k,convnextv2,79.154,91.289,12.135000000000005,0.7420000000000044,0.23400000000000887,0.3030526173602366,0.09553009996854757,82.038,96.174,15.62,224
vpt1_v18_depth,VPT1 v18 Depth,convnextv2_tiny.fcmae_ft_in22k_in1k,convnextv2,79.544,91.745,12.201000000000008,0.8990000000000009,0.5859999999999985,0.4237926641911379,0.24779740829063338,83.904,96.964,28.64,224
vpt1_v18_depth,VPT1 v18 Depth,crossvit_15_240.in1k,crossvit,78.763,91.576,12.812999999999988,1.1330000000000098,0.6640000000000015,0.516488786583668,0.28940436915998496,81.522,95.694,27.53,240
vpt1_v18_depth,VPT1 v18 Depth,crossvit_18_240.in1k,crossvit,79.961,92.07,12.108999999999995,0.546999999999997,0.546999999999997,0.23007873048637512,0.2300787304863735,82.39,96.064,43.27,240
vpt1_v18_depth,VPT1 v18 Depth,crossvit_9_240.in1k,crossvit,77.266,90.677,13.411000000000001,0.7420000000000044,0.546999999999997,0.3329237483602262,0.22635714160493192,73.994,91.976,8.55,240
vpt1_v18_depth,VPT1 v18 Depth,crossvit_tiny_240.in1k,crossvit,76.419,90.703,14.284000000000006,0.7420000000000044,0.5470000000000113,0.3497821544269476,0.23007873048637995,73.352,91.906,7.01,240
vpt1_v18_depth,VPT1 v18 Depth,davit_base.msft_in1k,davit,79.453,91.94,12.486999999999995,0.42900000000000205,0.11700000000000443,0.17729636206081764,0.04864154602806308,84.652,97.02,87.95,224
vpt1_v18_depth,VPT1 v18 Depth,davit_small.msft_in1k,davit,79.115,91.484,12.369,0.03900000000000148,0.23399999999999466,0.018384776310850934,0.1103086578650989,84.252,96.942,49.75,224
vpt1_v18_depth,VPT1 v18 Depth,davit_tiny.msft_in1k,davit,80.26,91.654,11.393999999999991,1.171999999999997,0.8200000000000074,0.5435269593640721,0.3379362201494397,82.694,96.264,28.36,224
vpt1_v18_depth,VPT1 v18 Depth,deit3_base_patch16_224.fb_in1k,deit3,80.911,91.094,10.182999999999993,0.11800000000000921,0.5860000000000127,0.04908722395446646,0.24079082669866084,83.8,96.584,86.59,224
vpt1_v18_depth,VPT1 v18 Depth,deit3_base_patch16_224.fb_in22k_ft_in1k,deit3,79.727,91.589,11.861999999999995,0.07800000000000296,0.7420000000000044,0.03184336665618252,0.3030669159699829,85.728,97.746,86.59,224
vpt1_v18_depth,VPT1 v18 Depth,deit3_huge_patch14_224.fb_in1k,deit3,82.917,91.875,8.957999999999998,0.4689999999999941,1.0160000000000053,0.21249366003613906,0.4465654114087512,85.204,97.364,632.13,224
vpt1_v18_depth,VPT1 v18 Depth,deit3_large_patch16_224.fb_in1k,deit3,81.107,91.888,10.781000000000006,1.0940000000000083,1.0159999999999911,0.44700186427650346,0.4164068523291419,84.772,97.048,304.37,224
vpt1_v18_depth,VPT1 v18 Depth,deit3_medium_patch16_224.fb_in1k,deit3,78.971,91.797,12.825999999999993,1.2110000000000127,0.7419999999999902,0.49855858900100364,0.3041943822989171,83.09,96.284,38.85,224
vpt1_v18_depth,VPT1 v18 Depth,deit3_medium_patch16_224.fb_in22k_ft_in1k,deit3,77.565,92.083,14.518,1.0940000000000083,1.0940000000000083,0.4647952954437793,0.4649260395183585,84.55,97.18,38.85,224
vpt1_v18_depth,VPT1 v18 Depth,deit3_small_patch16_224.fb_in1k,deit3,76.901,90.872,13.971000000000004,0.7820000000000107,0.6640000000000015,0.3213606489081536,0.27866387558410843,81.382,95.454,22.06,224
vpt1_v18_depth,VPT1 v18 Depth,deit3_small_patch16_224.fb_in22k_ft_in1k,deit3,76.745,91.302,14.557000000000002,0.8589999999999947,0.7820000000000107,0.36259282336465826,0.3276105411409558,83.082,96.774,22.06,224
vpt1_v18_depth,VPT1 v18 Depth,deit_base_distilled_patch16_224.fb_in1k,deit,82.656,91.615,8.958999999999989,0.39100000000000534,0.7420000000000044,0.16896219169454124,0.319425873856345,83.384,96.492,87.34,224
vpt1_v18_depth,VPT1 v18 Depth,deit_base_patch16_224.fb_in1k,deit,80.495,92.331,11.835999999999999,0.5079999999999956,0.8200000000000074,0.239473496561842,0.35553277704813285,81.98,95.74,86.57,224
vpt1_v18_depth,VPT1 v18 Depth,deit_base_patch16_384.fb_in1k,deit,82.578,93.008,10.429999999999993,0.27299999999999613,0.19499999999999318,0.11481289126225992,0.0842496290792988,83.108,96.376,86.86,384
vpt1_v18_depth,VPT1 v18 Depth,deit_small_distilled_patch16_224.fb_in1k,deit,77.956,91.224,13.268,0.9380000000000024,0.5459999999999923,0.3833779684158537,0.2259159135607731,81.204,95.378,22.44,224
vpt1_v18_depth,VPT1 v18 Depth,deit_small_patch16_224.fb_in1k,deit,76.576,91.654,15.078000000000003,0.19600000000001216,0.4299999999999926,0.09239528607504795,0.18152379703192492,79.856,95.056,22.05,224
vpt1_v18_depth,VPT1 v18 Depth,deit_tiny_distilled_patch16_224.fb_in1k,deit,76.237,90.586,14.349000000000004,0.9769999999999897,0.6640000000000015,0.3989644929898691,0.27249994903159647,74.538,91.898,5.91,224
vpt1_v18_depth,VPT1 v18 Depth,deit_tiny_patch16_224.fb_in1k,deit,73.945,90.495,16.55000000000001,1.054000000000002,0.6640000000000015,0.43821937682195555,0.28923961615856686,72.19,91.1,5.72,224
vpt1_v18_depth,VPT1 v18 Depth,densenet121.ra_in1k,densenet121.ra,78.138,87.747,9.608999999999995,0.3119999999999976,1.5630000000000024,0.14707821048680075,0.6383501303273071,75.574,92.648,7.98,224
vpt1_v18_depth,VPT1 v18 Depth,densenet121.tv_in1k,densenet121.tv,78.333,88.06,9.727000000000004,0.703000000000003,0.546999999999997,0.30143250580446007,0.22628055349253584,74.75,92.158,7.98,224
vpt1_v18_depth,VPT1 v18 Depth,densenet161.tv_in1k,densenet161.tv,79.635,89.622,9.986999999999995,0.7420000000000044,1.1319999999999908,0.319425873856345,0.4773966438461333,77.384,93.656,28.68,224
vpt1_v18_depth,VPT1 v18 Depth,densenet169.tv_in1k,densenet169.tv,79.297,88.542,9.245000000000005,0.7040000000000077,0.19499999999999318,0.3078484475625432,0.09192388155424797,75.922,92.976,14.15,224
vpt1_v18_depth,VPT1 v18 Depth,densenet201.tv_in1k,densenet201.tv,80.521,88.906,8.385000000000005,0.27299999999999613,1.2109999999999985,0.11183022847155288,0.49515721409130836,77.284,93.48,20.01,224
vpt1_v18_depth,VPT1 v18 Depth,densenetblur121d.ra_in1k,densenetblur121d.ra,79.31,86.706,7.396000000000001,0.8210000000000122,0.625,0.34129264080356364,0.2654760922485391,76.574,93.188,8.0,224
vpt1_v18_depth,VPT1 v18 Depth,dla102.in1k,dla102.in1k,78.437,86.836,8.399000000000001,0.5859999999999985,0.9770000000000039,0.25321181295947204,0.3998107885821339,78.016,93.952,33.27,224
vpt1_v18_depth,VPT1 v18 Depth,dla169.in1k,dla169.in1k,78.203,88.255,10.051999999999992,0.8990000000000009,1.1329999999999956,0.36804981546886717,0.4648232639043194,78.702,94.334,53.39,224
vpt1_v18_depth,VPT1 v18 Depth,dla34.in1k,dla34.in1k,75.377,84.635,9.25800000000001,0.7809999999999917,2.1099999999999994,0.3439227949538783,0.91651162325175,74.632,92.052,15.74,224
vpt1_v18_depth,VPT1 v18 Depth,dla46_c.in1k,dla46,73.828,78.919,5.090999999999994,1.875,0.7420000000000044,0.7654655809084793,0.3257261972202365,64.88,86.33,1.3,224
vpt1_v18_depth,VPT1 v18 Depth,dla46x_c.in1k,dla46x,74.922,79.076,4.153999999999996,1.0940000000000083,4.9609999999999985,0.4500162960012332,2.08331471991685,66.008,86.946,1.07,224
vpt1_v18_depth,VPT1 v18 Depth,dla60.in1k,dla60.in1k,77.826,86.445,8.619,0.703000000000003,1.0150000000000006,0.31462817561192674,0.4695532155381562,77.036,93.316,22.04,224
vpt1_v18_depth,VPT1 v18 Depth,dla60x_c.in1k,dla60x,76.224,80.612,4.387999999999991,1.0160000000000053,3.944999999999993,0.45369887223429084,1.6356377621248788,67.928,88.426,1.32,224
vpt1_v18_depth,VPT1 v18 Depth,dpn107.mx_in1k,dpn107.mx,76.693,91.12,14.427000000000007,0.3130000000000024,0.11699999999999022,0.12913128547679328,0.04864154602805675,80.166,94.932,86.92,224
vpt1_v18_depth,VPT1 v18 Depth,dpn131.mx_in1k,dpn131.mx,77.318,90.625,13.307000000000002,0.03899999999998727,0.5079999999999956,0.018384776310844234,0.2233701462197269,79.836,94.708,79.25,224
vpt1_v18_depth,VPT1 v18 Depth,dpn68.mx_in1k,dpn68.mx,74.492,89.687,15.194999999999993,0.4300000000000068,0.8979999999999961,0.1777363840698441,0.3917629668845947,76.304,92.994,12.61,224
vpt1_v18_depth,VPT1 v18 Depth,dpn68b.mx_in1k,dpn68b.mx,76.211,90.091,13.879999999999995,0.3119999999999976,0.27299999999999613,0.13880201727640565,0.12055704044144464,77.494,93.834,12.61,224
vpt1_v18_depth,VPT1 v18 Depth,dpn92.mx_in1k,dpn92.mx,75.911,90.586,14.674999999999997,0.5859999999999985,0.5859999999999985,0.2394192046506614,0.24079082669865545,80.032,94.876,37.67,224
vpt1_v18_depth,VPT1 v18 Depth,dpn98.mx_in1k,dpn98.mx,75.521,91.198,15.676999999999992,0.23399999999999466,0.5080000000000098,0.1023621023621532,0.21721315695776175,79.664,94.644,61.57,224
vpt1_v18_depth,VPT1 v18 Depth,eca_nfnet_l0.ra2_in1k,eca,81.419,89.505,8.085999999999999,1.1720000000000113,0.8599999999999994,0.4788200775517574,0.3587125125593843,81.762,95.994,24.14,224
vpt1_v18_depth,VPT1 v18 Depth,eca_nfnet_l1.ra2_in1k,eca,83.906,91.159,7.253,0.9770000000000039,0.07800000000000296,0.3998107885821339,0.03676955262170187,83.264,96.684,41.41,256
vpt1_v18_depth,VPT1 v18 Depth,ecaresnet50t.a2_in1k,ecaresnet50t.a2,80.273,85.768,5.4950000000000045,0.35199999999998965,0.5080000000000098,0.16593439131843826,0.21247326629223381,80.884,95.022,25.57,224
vpt1_v18_depth,VPT1 v18 Depth,edgenext_xx_small.in1k,edgenext,73.086,89.636,16.549999999999997,0.5459999999999923,1.2109999999999985,0.22962578252452145,0.5186407448535277,71.132,90.042,1.33,256
vpt1_v18_depth,VPT1 v18 Depth,efficientformer_l1.snap_dist_in1k,efficientformer,77.018,88.034,11.016000000000005,0.625,0.4679999999999893,0.2711289156266592,0.2047242047243016,80.502,94.992,12.29,224
vpt1_v18_depth,VPT1 v18 Depth,efficientformer_l3.snap_dist_in1k,efficientformer,78.945,89.089,10.144000000000005,0.5079999999999956,1.25,0.2092467974001543,0.5892556509887896,82.562,96.25,31.41,224
vpt1_v18_depth,VPT1 v18 Depth,efficientformer_l7.snap_dist_in1k,efficientformer,80.495,88.789,8.293999999999997,0.7820000000000107,0.703000000000003,0.34438963721666355,0.2922947523001795,83.396,96.532,82.23,224
vpt1_v18_depth,VPT1 v18 Depth,efficientformerv2_l.snap_dist_in1k,efficientformerv2,74.284,89.284,15.0,1.171999999999997,0.7420000000000044,0.4798777622131136,0.3497821544269476,83.642,96.546,26.32,224
vpt1_v18_depth,VPT1 v18 Depth,efficientformerv2_s0.snap_dist_in1k,efficientformerv2,72.747,85.182,12.435000000000002,1.0160000000000053,0.7420000000000044,0.45389009927759355,0.30642272906703516,76.102,92.85,3.6,224
vpt1_v18_depth,VPT1 v18 Depth,efficientformerv2_s1.snap_dist_in1k,efficientformerv2,70.625,87.305,16.680000000000007,2.305000000000007,1.0929999999999893,0.9510608112348393,0.47598762822390517,79.684,94.712,6.19,224
vpt1_v18_depth,VPT1 v18 Depth,efficientformerv2_s2.snap_dist_in1k,efficientformerv2,74.232,87.891,13.659000000000006,0.8990000000000009,0.5079999999999956,0.4066565572513958,0.22337014621972442,82.156,95.912,12.71,224
vpt1_v18_depth,VPT1 v18 Depth,efficientnet_b0.ra_in1k,efficientnet,76.992,75.729,-1.2630000000000052,0.27299999999999613,1.0159999999999911,0.11481289126225992,0.44024260988181607,77.698,93.538,5.29,224
vpt1_v18_depth,VPT1 v18 Depth,efficientnet_b1.ft_in1k,efficientnet,78.216,73.646,-4.569999999999993,0.6639999999999873,1.0150000000000006,0.2786638755841036,0.4339664605575986,77.592,93.636,7.79,224
vpt1_v18_depth,VPT1 v18 Depth,efficientnet_b1.ra4_e3600_r240_in1k,efficientnet,77.487,82.669,5.182000000000002,0.3119999999999976,2.5,0.13257450735341092,1.0311637438674162,80.404,95.152,7.79,240
vpt1_v18_depth,VPT1 v18 Depth,efficientnet_b2.ra_in1k,efficientnet,77.76,74.518,-3.2420000000000044,1.9140000000000015,1.4059999999999917,0.8932177785960156,0.578688747658586,79.324,94.582,9.11,256
vpt1_v18_depth,VPT1 v18 Depth,efficientnet_b3.ra2_in1k,efficientnet,78.867,77.552,-1.3149999999999977,1.25,1.5619999999999976,0.5103103630798288,0.6379487962733886,81.472,95.696,12.23,288
vpt1_v18_depth,VPT1 v18 Depth,efficientnet_b4.ra2_in1k,efficientnet,81.224,78.555,-2.668999999999997,0.1560000000000059,0.3130000000000024,0.07353910524340374,0.1392703206796856,82.658,96.134,19.34,320
vpt1_v18_depth,VPT1 v18 Depth,efficientnet_es.ra_in1k,efficientnet,79.362,75.247,-4.114999999999995,1.093999999999994,1.9920000000000044,0.45263745610219325,0.8157909590629767,78.1,93.928,5.44,224
vpt1_v18_depth,VPT1 v18 Depth,efficientnet_es_pruned.in1k,efficientnet,78.437,79.779,1.3419999999999987,0.5859999999999985,1.3290000000000077,0.27624304918354387,0.5475547664135755,75.01,92.438,5.44,224
vpt1_v18_depth,VPT1 v18 Depth,efficientnet_lite0.ra_in1k,efficientnet,77.813,72.734,-5.079000000000008,0.5079999999999956,0.8979999999999961,0.2092467974001552,0.36762511097886236,75.488,92.508,4.65,224
vpt1_v18_depth,VPT1 v18 Depth,efficientvit_b2.r256_in1k,efficientvit,79.74,90.052,10.312000000000012,0.546999999999997,0.6639999999999873,0.22408678874241653,0.29634364436503996,82.712,96.092,24.33,256
vpt1_v18_depth,VPT1 v18 Depth,efficientvit_b2.r288_in1k,efficientvit,80.443,90.703,10.260000000000005,0.4689999999999941,1.171999999999997,0.2051898849575377,0.491017990166007,83.078,96.286,24.33,288
vpt1_v18_depth,VPT1 v18 Depth,efficientvit_b3.r256_in1k,efficientvit,78.581,90.443,11.861999999999995,0.5859999999999985,1.2109999999999985,0.2596335023750873,0.5087372166016115,83.782,96.498,48.65,256
vpt1_v18_depth,VPT1 v18 Depth,efficientvit_m1.r224_in1k,efficientvit,70.677,84.01,13.332999999999998,1.0550000000000068,1.9139999999999873,0.4800043981280012,0.8451214245433681,68.34,88.692,2.98,224
vpt1_v18_depth,VPT1 v18 Depth,eva02_base_patch14_448.mim_in22k_ft_in1k,eva02,75.716,94.349,18.63300000000001,1.25,0.27300000000001035,0.5262876273167233,0.11183022847155838,88.262,98.57,87.12,448
vpt1_v18_depth,VPT1 v18 Depth,eva02_base_patch14_448.mim_in22k_ft_in22k_in1k,eva02,80.365,94.349,13.984000000000009,0.2740000000000009,1.1330000000000098,0.11221804172631467,0.48823013699142853,88.678,98.726,87.12,448
vpt1_v18_depth,VPT1 v18 Depth,eva02_large_patch14_448.mim_in22k_ft_in1k,eva02,78.503,94.505,16.001999999999995,0.35200000000000387,0.8200000000000074,0.1440123451498381,0.37769505630277705,89.634,98.954,305.08,448
vpt1_v18_depth,VPT1 v18 Depth,eva02_large_patch14_448.mim_in22k_ft_in22k_in1k,eva02,82.227,94.922,12.694999999999993,0.7420000000000044,0.3509999999999991,0.3041516434646101,0.1459246380841829,89.956,99.014,305.08,448
vpt1_v18_depth,VPT1 v18 Depth,eva02_large_patch14_448.mim_m38m_ft_in1k,eva02,78.789,95.182,16.393,0.1950000000000074,0.23399999999999466,0.08424962907930537,0.1023621023621508,89.55,98.924,305.08,448
vpt1_v18_depth,VPT1 v18 Depth,eva02_large_patch14_448.mim_m38m_ft_in22k_in1k,eva02,81.836,94.687,12.850999999999999,0.1950000000000074,0.7810000000000059,0.08424962907930537,0.33746143812623014,90.056,99.054,305.08,448
vpt1_v18_depth,VPT1 v18 Depth,eva02_small_patch14_336.mim_in22k_ft_in1k,eva02,74.922,93.542,18.620000000000005,1.4070000000000107,1.0940000000000083,0.6372766711213894,0.4649260395183585,85.77,97.616,22.13,336
vpt1_v18_depth,VPT1 v18 Depth,eva_large_patch14_196.in22k_ft_in1k,eva,78.516,93.255,14.73899999999999,0.9759999999999991,0.703000000000003,0.40699658748228107,0.29621201116017476,87.952,98.49,304.14,196
vpt1_v18_depth,VPT1 v18 Depth,eva_large_patch14_196.in22k_ft_in22k_in1k,eva,81.367,92.786,11.418999999999997,0.7430000000000092,1.1330000000000098,0.3331976390472606,0.47356965931341766,88.59,98.662,304.14,196
vpt1_v18_depth,VPT1 v18 Depth,eva_large_patch14_336.in22k_ft_in1k,eva,79.935,93.568,13.632999999999996,0.23400000000000887,0.9759999999999991,0.10236210236215743,0.4011195443865688,88.68,98.714,304.53,336
vpt1_v18_depth,VPT1 v18 Depth,eva_large_patch14_336.in22k_ft_in22k_in1k,eva,81.771,94.675,12.903999999999996,1.0550000000000068,0.39100000000000534,0.430800030950172,0.1843191676292959,89.238,98.848,304.53,336
vpt1_v18_depth,VPT1 v18 Depth,fasternet_t2.in1k,fasternet,77.526,88.88,11.354,0.8599999999999994,0.3119999999999976,0.35157455349707323,0.12869343417595125,78.738,94.332,14.98,224
vpt1_v18_depth,VPT1 v18 Depth,fastvit_sa36.apple_dist_in1k,fastvit,78.19,89.844,11.653999999999996,1.328000000000003,0.4690000000000083,0.5498915044503483,0.19146859330507318,84.028,96.85,31.53,256
vpt1_v18_depth,VPT1 v18 Depth,fastvit_t8.apple_dist_in1k,fastvit,74.531,89.557,15.025999999999996,0.5470000000000113,0.625,0.2299656979251993,0.2656066431565455,77.17,93.274,4.03,256
vpt1_v18_depth,VPT1 v18 Depth,focalnet_base_lrf.ms_in1k,focalnet,76.667,91.484,14.816999999999993,0.3130000000000024,0.07800000000000296,0.1330321598545094,0.03184336665618252,83.828,96.61,88.75,224
vpt1_v18_depth,VPT1 v18 Depth,focalnet_base_srf.ms_in1k,focalnet,79.023,91.784,12.76100000000001,0.9380000000000024,0.8589999999999947,0.4421774405019888,0.36259282336465826,83.808,96.66,88.15,224
vpt1_v18_depth,VPT1 v18 Depth,focalnet_small_lrf.ms_in1k,focalnet,77.162,91.966,14.803999999999988,0.625,0.7029999999999887,0.25583371335476673,0.3014325058044556,83.508,96.586,50.34,224
vpt1_v18_depth,VPT1 v18 Depth,focalnet_small_srf.ms_in1k,focalnet,74.245,91.875,17.629999999999995,0.5079999999999956,0.703000000000003,0.2306242735610326,0.3075519829593431,83.428,96.432,49.89,224
vpt1_v18_depth,VPT1 v18 Depth,focalnet_tiny_lrf.ms_in1k,focalnet,77.774,91.914,14.14,0.4689999999999941,0.9770000000000039,0.19931939750616762,0.40734833578482665,82.174,95.948,28.65,224
vpt1_v18_depth,VPT1 v18 Depth,focalnet_tiny_srf.ms_in1k,focalnet,76.745,91.68,14.935000000000002,0.8990000000000009,0.1559999999999917,0.3698819631540132,0.06368673331235924,82.146,95.972,28.43,224
vpt1_v18_depth,VPT1 v18 Depth,ghostnet_100.in1k,ghostnet,79.492,86.81,7.317999999999998,0.19499999999999318,0.11700000000000443,0.08424962907930099,0.04864154602806308,73.958,91.542,5.18,224
vpt1_v18_depth,VPT1 v18 Depth,ghostnetv2_100.in1k,ghostnetv2,75.938,84.557,8.619,0.8590000000000089,1.25,0.3506853607184434,0.5106414267043622,75.186,92.334,6.16,224
vpt1_v18_depth,VPT1 v18 Depth,ghostnetv2_130.in1k,ghostnetv2,77.487,85.69,8.203000000000003,0.5069999999999908,1.1329999999999956,0.20718590685661623,0.4777328402639539,76.746,93.364,8.96,224
vpt1_v18_depth,VPT1 v18 Depth,hardcorenas_b.miil_green_in1k,hardcorenas,76.966,76.55,-0.4159999999999968,0.03900000000000148,2.109000000000009,0.018384776310850934,0.8617905133435244,76.55,92.766,5.18,224
vpt1_v18_depth,VPT1 v18 Depth,hardcorenas_f.miil_green_in1k,hardcorenas,78.503,75.599,-2.9039999999999964,0.35199999999998965,1.7190000000000083,0.15754858157264995,0.7477339098904144,78.1,93.8,8.2,224
vpt1_v18_depth,VPT1 v18 Depth,hgnet_small.ssld_in1k,hgnet,80.026,89.557,9.531000000000006,1.1720000000000113,0.5080000000000098,0.5348389165596222,0.2170734642670317,83.818,96.846,24.36,224
vpt1_v18_depth,VPT1 v18 Depth,hgnetv2_b0.ssld_stage1_in22k_in1k,hgnetv2,77.552,86.94,9.387999999999991,0.5069999999999908,0.6650000000000063,0.20718590685661623,0.27900657100983906,76.868,93.62,6.0,224
vpt1_v18_depth,VPT1 v18 Depth,hrnet_w18.ms_aug_in1k,hrnet,79.792,89.635,9.843000000000004,0.1559999999999917,1.0150000000000006,0.06628725367670221,0.4534213149917948,78.11,94.062,21.3,224
vpt1_v18_depth,VPT1 v18 Depth,hrnet_w18.ms_in1k,hrnet,80.586,88.971,8.385000000000005,0.7040000000000077,0.2740000000000009,0.3078484475625432,0.12102433180517431,76.77,93.448,21.3,224
vpt1_v18_depth,VPT1 v18 Depth,hrnet_w18_small.ms_in1k,hrnet,80.677,88.307,7.6299999999999955,1.0159999999999911,0.546999999999997,0.4342863878440852,0.22408678874241597,72.34,90.688,13.19,224
vpt1_v18_depth,VPT1 v18 Depth,hrnet_w18_small_v2.ms_in1k,hrnet,80.781,88.372,7.590999999999994,0.19499999999999318,0.3130000000000024,0.0842496290792988,0.13303215985451128,75.094,92.414,15.6,224
vpt1_v18_depth,VPT1 v18 Depth,hrnet_w30.ms_in1k,hrnet,78.763,89.206,10.442999999999998,0.1560000000000059,0.5080000000000098,0.07353910524340374,0.20760432451073166,78.202,94.22,37.71,224
vpt1_v18_depth,VPT1 v18 Depth,hrnet_w32.ms_in1k,hrnet,79.075,89.518,10.442999999999998,0.8979999999999961,0.5080000000000098,0.37225200544195114,0.21247326629223381,78.452,94.184,41.23,224
vpt1_v18_depth,VPT1 v18 Depth,hrnet_w40.ms_in1k,hrnet,77.904,89.883,11.979,0.19599999999999795,1.0159999999999911,0.09239528607504124,0.42919770114326466,78.928,94.48,57.56,224
vpt1_v18_depth,VPT1 v18 Depth,hrnet_w44.ms_in1k,hrnet,78.19,89.831,11.641000000000005,0.625,0.6640000000000015,0.25775742256798134,0.28923961615856686,78.89,94.376,67.06,224
vpt1_v18_depth,VPT1 v18 Depth,hrnet_w48.ms_in1k,hrnet,78.177,90.443,12.265999999999991,0.5860000000000127,0.2740000000000009,0.2675248690412886,0.12102433180517431,79.328,94.516,77.47,224
vpt1_v18_depth,VPT1 v18 Depth,inception_v3.tf_in1k,inception,78.281,87.174,8.893,0.3130000000000024,1.2109999999999985,0.1392703206796856,0.49448311958605323,77.866,93.644,23.83,299
vpt1_v18_depth,VPT1 v18 Depth,inception_v3.tv_in1k,inception,79.076,87.24,8.164000000000001,0.3130000000000024,0.9369999999999976,0.14754961500759403,0.382981577740873,77.472,93.468,23.83,299
vpt1_v18_depth,VPT1 v18 Depth,lcnet_100.ra2_in1k,lcnet,74.01,73.958,-0.05200000000000671,0.4299999999999926,1.25,0.1757751088433394,0.5116333322474859,72.13,90.376,2.95,224
vpt1_v18_depth,VPT1 v18 Depth,legacy_seresnet18.in1k,legacy,75.482,88.203,12.721000000000004,0.8979999999999961,0.9770000000000039,0.3986162175437533,0.39981078858213437,71.742,90.34,11.78,224
vpt1_v18_depth,VPT1 v18 Depth,legacy_seresnet34.in1k,legacy,76.276,88.607,12.331000000000003,0.1950000000000074,0.4300000000000068,0.08013738203859973,0.1815237970319314,74.788,92.134,21.96,224
vpt1_v18_depth,VPT1 v18 Depth,levit_128.fb_dist_in1k,levit,76.289,84.857,8.567999999999998,0.5859999999999985,1.1720000000000113,0.24084480941515443,0.48408539191621036,78.486,93.998,9.21,224
vpt1_v18_depth,VPT1 v18 Depth,levit_128s.fb_dist_in1k,levit,74.088,82.174,8.086000000000013,0.1570000000000107,2.850999999999999,0.06674495403316655,1.2482025298626624,76.52,92.87,7.78,224
vpt1_v18_depth,VPT1 v18 Depth,levit_192.fb_dist_in1k,levit,76.445,84.336,7.891000000000005,0.546999999999997,0.11700000000000443,0.2491750834698794,0.055154328932552794,79.858,94.808,10.95,224
vpt1_v18_depth,VPT1 v18 Depth,levit_256.fb_dist_in1k,levit,77.773,83.815,6.042000000000002,0.23499999999999943,2.578000000000003,0.09593863779636534,1.1561226386311958,81.506,95.466,18.89,224
vpt1_v18_depth,VPT1 v18 Depth,levit_384.fb_dist_in1k,levit,78.464,88.203,9.739000000000004,0.7810000000000059,0.625,0.3318938920130298,0.26109810842329473,82.6,96.02,39.13,224
vpt1_v18_depth,VPT1 v18 Depth,maxvit_base_tf_224.in1k,maxvit,79.037,92.76,13.722999999999999,0.39100000000000534,0.5079999999999956,0.17584905143016744,0.21247326629222887,84.884,97.002,119.47,224
vpt1_v18_depth,VPT1 v18 Depth,maxvit_base_tf_384.in21k_ft_in1k,maxvit,77.982,92.761,14.778999999999996,1.0160000000000053,1.1329999999999956,0.42124893669500035,0.4883812263204033,87.93,98.546,119.65,384
vpt1_v18_depth,VPT1 v18 Depth,maxvit_large_tf_224.in1k,maxvit,77.2,93.255,16.054999999999993,0.546999999999997,0.3119999999999976,0.22635714160493192,0.14707821048680075,84.938,96.98,211.79,224
vpt1_v18_depth,VPT1 v18 Depth,maxvit_large_tf_384.in1k,maxvit,78.399,94.258,15.858999999999995,0.2740000000000009,0.23399999999999466,0.11526587622632398,0.09553009996854177,86.242,97.684,212.03,384
vpt1_v18_depth,VPT1 v18 Depth,maxvit_large_tf_384.in21k_ft_in1k,maxvit,78.893,92.526,13.632999999999996,0.5859999999999985,1.0160000000000053,0.24365321440294657,0.44008484030544287,87.994,98.576,212.03,384
vpt1_v18_depth,VPT1 v18 Depth,maxvit_large_tf_512.in21k_ft_in1k,maxvit,76.979,93.112,16.132999999999996,0.546999999999997,0.39000000000000057,0.22628055349253584,0.17537958832201653,88.236,98.608,212.33,512
vpt1_v18_depth,VPT1 v18 Depth,maxvit_rmlp_base_rw_224.sw_in12k_ft_in1k,maxvit,78.008,90.365,12.357,0.3119999999999976,1.6799999999999926,0.1273734666247243,0.6933052878943141,86.908,98.004,116.14,224
vpt1_v18_depth,VPT1 v18 Depth,maxvit_rmlp_small_rw_224.sw_in1k,maxvit,81.706,89.961,8.254999999999995,0.11699999999999022,0.42899999999998784,0.04864154602805675,0.19369563753476426,84.488,96.772,64.9,224
vpt1_v18_depth,VPT1 v18 Depth,maxvit_rmlp_tiny_rw_256.sw_in1k,maxvit,75.456,90.494,15.037999999999997,0.27299999999999613,0.546999999999997,0.12055704044144208,0.2578582728726929,84.226,96.782,29.15,256
vpt1_v18_depth,VPT1 v18 Depth,maxvit_small_tf_224.in1k,maxvit,80.091,92.526,12.435000000000002,0.5470000000000113,0.6640000000000015,0.2263571416049371,0.2894043691599873,84.452,96.824,68.93,224
vpt1_v18_depth,VPT1 v18 Depth,maxvit_tiny_rw_224.sw_in1k,maxvit,77.773,90.169,12.396,0.11800000000000921,1.524000000000001,0.05562573345334608,0.6633376884279147,83.522,96.488,29.06,224
vpt1_v18_depth,VPT1 v18 Depth,maxvit_tiny_tf_224.in1k,maxvit,78.438,92.552,14.114000000000004,0.8199999999999932,0.5849999999999937,0.3865517070486428,0.243207730140304,83.426,96.584,30.92,224
vpt1_v18_depth,VPT1 v18 Depth,maxvit_tiny_tf_512.in1k,maxvit,70.82,94.036,23.216000000000008,1.5619999999999976,0.5079999999999956,0.6472348019759817,0.20760432451072602,85.658,97.592,31.05,512
vpt1_v18_depth,VPT1 v18 Depth,maxxvitv2_rmlp_base_rw_384.sw_in12k_ft_in1k,maxxvitv2,80.039,93.047,13.007999999999996,0.7430000000000092,0.3119999999999976,0.31440843924212575,0.1273734666247243,87.48,98.376,116.09,384
vpt1_v18_depth,VPT1 v18 Depth,mixer_b16_224.goog_in21k_ft_in1k,mixer,78.594,90.703,12.109000000000009,1.1330000000000098,0.3119999999999976,0.463366665467716,0.1388020172764083,76.616,92.25,59.88,224
vpt1_v18_depth,VPT1 v18 Depth,mixnet_l.ft_in1k,mixnet,79.662,78.438,-1.2240000000000038,0.9369999999999976,1.4460000000000122,0.38957783418578656,0.5909818572135371,78.97,94.18,7.33,224
vpt1_v18_depth,VPT1 v18 Depth,mixnet_m.ft_in1k,mixnet,81.12,77.786,-3.334000000000003,0.5080000000000098,1.25,0.21237126819689373,0.5106414267043624,77.268,93.418,5.01,224
vpt1_v18_depth,VPT1 v18 Depth,mixnet_s.ft_in1k,mixnet,80.026,77.474,-2.5519999999999925,1.0159999999999911,0.7809999999999917,0.41518750784032954,0.3439227949538783,76.0,92.796,4.13,224
vpt1_v18_depth,VPT1 v18 Depth,mixnet_xl.ra_in1k,mixnet,77.708,77.734,0.02599999999999625,0.5859999999999985,2.0320000000000107,0.26752486904128187,0.8933055965843363,80.494,94.938,11.9,224
vpt1_v18_depth,VPT1 v18 Depth,mnasnet_100.rmsp_in1k,mnasnet,79.675,77.279,-2.396000000000001,0.546999999999997,2.109000000000009,0.2415813642555151,0.8641505784423384,74.672,92.108,4.38,224
vpt1_v18_depth,VPT1 v18 Depth,mnasnet_small.lamb_in1k,mnasnet,76.042,79.856,3.813999999999993,0.4689999999999941,0.625,0.19501168056184306,0.2946278254943948,66.204,86.47,2.03,224
vpt1_v18_depth,VPT1 v18 Depth,mobilenetv2_050.lamb_in1k,mobilenetv2,76.12,70.0,-6.1200000000000045,0.5470000000000113,5.272999999999996,0.2263571416049371,2.1571046953420363,65.928,86.114,1.97,224
vpt1_v18_depth,VPT1 v18 Depth,mobilenetv2_100.ra_in1k,mobilenetv2,75.599,70.794,-4.805000000000007,0.546999999999997,1.6020000000000039,0.22408678874241653,0.7134934399760717,72.91,91.0,3.5,224
vpt1_v18_depth,VPT1 v18 Depth,mobilenetv2_110d.ra_in1k,mobilenetv2,76.354,73.932,-2.421999999999997,1.6410000000000053,2.1480000000000103,0.6822288635217846,0.90209989592186,75.056,92.186,4.52,224
vpt1_v18_depth,VPT1 v18 Depth,mobilenetv2_120d.ra_in1k,mobilenetv2,77.669,74.492,-3.1769999999999925,0.35200000000000387,1.328000000000003,0.1575485815726566,0.5532618427712753,77.3,93.516,5.83,224
vpt1_v18_depth,VPT1 v18 Depth,mobilenetv2_140.ra_in1k,mobilenetv2,77.787,73.542,-4.2450000000000045,1.054000000000002,0.546999999999997,0.44206887346757395,0.22635714160493084,76.528,93.008,6.11,224
vpt1_v18_depth,VPT1 v18 Depth,mobilenetv3_large_100.miil_in21k_ft_in1k,mobilenetv3,77.695,76.81,-0.8849999999999909,0.11699999999999022,1.0160000000000053,0.0551543289325461,0.41518750784033515,77.92,92.894,5.48,224
vpt1_v18_depth,VPT1 v18 Depth,mobilenetv3_large_100.ra_in1k,mobilenetv3,78.685,77.461,-1.2240000000000038,0.9769999999999897,0.3119999999999976,0.41637563169170067,0.1273734666247243,75.784,92.528,5.48,224
vpt1_v18_depth,VPT1 v18 Depth,mobilenetv3_rw.rmsp_in1k,mobilenetv3,79.974,79.753,-0.22100000000000364,0.5859999999999985,2.5390000000000015,0.24365321440294782,1.178941427251112,75.616,92.696,5.48,224
vpt1_v18_depth,VPT1 v18 Depth,mobilenetv3_small_100.lamb_in1k,mobilenetv3,77.096,81.679,4.582999999999998,0.703000000000003,0.5470000000000113,0.31462817561192674,0.2491750834698861,67.636,87.638,2.54,224
vpt1_v18_depth,VPT1 v18 Depth,mobilenetv4_conv_medium.e250_r384_in12k_ft_in1k,mobilenetv4,77.07,85.925,8.855000000000004,0.5859999999999985,0.625,0.2532118129594698,0.2946278254943948,82.776,96.448,9.72,384
vpt1_v18_depth,VPT1 v18 Depth,mobilenetv4_conv_small_050.e3000_r224_in1k,mobilenetv4,72.877,78.203,5.326000000000008,0.2740000000000009,2.2649999999999864,0.12102433180517431,0.9823532969354719,64.778,85.5,2.24,224
vpt1_v18_depth,VPT1 v18 Depth,mobileone_s2.apple_in1k,mobileone,80.924,87.305,6.381,0.9370000000000118,0.11699999999999022,0.3829815777408786,0.0551543289325461,77.504,93.664,7.88,224
vpt1_v18_depth,VPT1 v18 Depth,mobileone_s4.apple_in1k,mobileone,78.177,87.852,9.674999999999997,0.4690000000000083,0.4689999999999941,0.1950116805618494,0.19931939750616762,79.446,94.49,14.95,224
vpt1_v18_depth,VPT1 v18 Depth,mobilevit_xs.cvnets_in1k,mobilevit,78.034,90.534,12.5,0.42899999999998784,0.6640000000000015,0.20223253941934685,0.27124077045229744,74.618,92.35,2.32,256
vpt1_v18_depth,VPT1 v18 Depth,mobilevit_xxs.cvnets_in1k,mobilevit,78.047,90.13,12.082999999999998,0.9369999999999976,0.5859999999999985,0.4168743482420366,0.24356427397209696,68.936,88.942,1.27,256
vpt1_v18_depth,VPT1 v18 Depth,mobilevitv2_050.cvnets_in1k,mobilevitv2,74.375,86.484,12.108999999999995,0.8210000000000122,0.23499999999999943,0.33630442558293827,0.11078006238589218,70.156,89.93,1.37,256
vpt1_v18_depth,VPT1 v18 Depth,mobilevitv2_200.cvnets_in1k,mobilevitv2,77.135,89.609,12.47399999999999,0.5079999999999956,0.39099999999999113,0.23083086641280837,0.16896219169453466,81.148,95.38,18.45,256
vpt1_v18_depth,VPT1 v18 Depth,mvitv2_base.fb_in1k,mvitv2,78.815,91.693,12.878,1.0940000000000083,0.9380000000000024,0.4647952954437793,0.3846981500692033,84.424,96.864,51.47,224
vpt1_v18_depth,VPT1 v18 Depth,mvitv2_large.fb_in1k,mvitv2,80.404,92.474,12.070000000000007,0.703000000000003,0.7809999999999917,0.2963290213409567,0.35122863715185926,85.264,97.188,217.99,224
vpt1_v18_depth,VPT1 v18 Depth,mvitv2_small.fb_in1k,mvitv2,77.93,91.732,13.801999999999992,1.2109999999999985,0.4300000000000068,0.5013410903655195,0.1815237970319314,83.772,96.558,34.87,224
vpt1_v18_depth,VPT1 v18 Depth,mvitv2_tiny.fb_in1k,mvitv2,79.818,91.68,11.862000000000009,1.0549999999999926,0.546999999999997,0.46494468010243295,0.2233119392737918,82.408,96.15,24.17,224
vpt1_v18_depth,VPT1 v18 Depth,pit_b_224.in1k,pit,79.818,92.552,12.734000000000009,1.1330000000000098,0.1950000000000074,0.4648232639043255,0.08013738203859973,82.458,95.704,73.76,224
vpt1_v18_depth,VPT1 v18 Depth,pit_b_distilled_224.in1k,pit,82.031,91.628,9.596999999999994,0.19499999999999318,0.39099999999999113,0.0842496290792988,0.16385833990235157,83.774,96.468,74.79,224
vpt1_v18_depth,VPT1 v18 Depth,pit_s_224.in1k,pit,79.245,91.589,12.343999999999994,0.1559999999999917,0.5859999999999985,0.07353910524339703,0.2394192046506614,81.114,95.336,23.46,224
vpt1_v18_depth,VPT1 v18 Depth,pit_s_distilled_224.in1k,pit,79.401,91.016,11.615000000000009,0.546999999999997,1.1720000000000113,0.22408678874241653,0.49112410741979867,81.826,95.72,24.04,224
vpt1_v18_depth,VPT1 v18 Depth,pit_ti_224.in1k,pit,76.12,89.7,13.579999999999998,1.0150000000000006,1.0940000000000083,0.46119145217095897,0.4649260395183566,72.926,91.412,4.85,224
vpt1_v18_depth,VPT1 v18 Depth,pit_ti_distilled_224.in1k,pit,76.549,89.101,12.551999999999992,0.5079999999999956,0.5859999999999985,0.23083086641280837,0.24084480941515443,74.276,91.92,5.1,224
vpt1_v18_depth,VPT1 v18 Depth,pit_xs_224.in1k,pit,77.422,90.703,13.281000000000006,0.27299999999999613,1.25,0.11481289126226153,0.5802817323411866,78.196,94.156,10.62,224
vpt1_v18_depth,VPT1 v18 Depth,pit_xs_distilled_224.in1k,pit,80.0,90.664,10.664000000000001,0.820999999999998,0.7819999999999965,0.34523132341470125,0.32397942321490975,79.172,94.35,11.0,224
vpt1_v18_depth,VPT1 v18 Depth,poolformer_m36.sail_in1k,poolformer,74.544,90.169,15.625,0.8599999999999994,0.9759999999999991,0.37409921441005867,0.4351431437533594,82.104,95.698,56.17,224
vpt1_v18_depth,VPT1 v18 Depth,poolformer_m48.sail_in1k,poolformer,76.302,90.482,14.179999999999993,0.5459999999999923,0.625,0.2236604569431052,0.28587915084680227,82.462,95.968,73.47,224
vpt1_v18_depth,VPT1 v18 Depth,poolformer_s12.sail_in1k,poolformer,77.044,89.271,12.227000000000004,0.4690000000000083,1.600999999999999,0.20502086614673298,0.6567653056204066,77.238,93.538,11.92,224
vpt1_v18_depth,VPT1 v18 Depth,poolformer_s24.sail_in1k,poolformer,76.146,89.401,13.254999999999995,0.9770000000000039,0.23400000000000887,0.40401567626351803,0.09728309205612616,80.294,95.06,21.39,224
vpt1_v18_depth,VPT1 v18 Depth,poolformer_s36.sail_in1k,poolformer,75.742,90.182,14.439999999999998,0.4690000000000083,0.7419999999999902,0.19931939750617225,0.3096302454362077,81.428,95.442,30.86,224
vpt1_v18_depth,VPT1 v18 Depth,poolformerv2_m36.sail_in1k,poolformerv2,80.599,91.094,10.49499999999999,0.6260000000000048,0.6640000000000015,0.25819501673476924,0.30423711512933865,82.214,95.896,56.08,224
vpt1_v18_depth,VPT1 v18 Depth,poolformerv2_s12.sail_in1k,poolformerv2,75.221,90.078,14.857,0.19599999999999795,0.39000000000000057,0.09239528607504124,0.16849925815860417,78.008,93.864,11.89,224
vpt1_v18_depth,VPT1 v18 Depth,poolformerv2_s24.sail_in1k,poolformerv2,77.318,90.234,12.915999999999997,0.625,0.0,0.2656066431565455,0.0,80.746,95.318,21.34,224
vpt1_v18_depth,VPT1 v18 Depth,poolformerv2_s36.sail_in1k,poolformerv2,77.669,90.208,12.539000000000001,0.7809999999999917,0.4689999999999941,0.3209821732675404,0.19501168056184306,81.576,95.68,30.79,224
vpt1_v18_depth,VPT1 v18 Depth,pvt_v2_b0.in1k,pvt,76.25,91.081,14.831000000000003,0.3509999999999991,1.5619999999999976,0.1654629867976517,0.7273157651407125,70.654,90.206,3.67,224
vpt1_v18_depth,VPT1 v18 Depth,pvt_v2_b1.in1k,pvt,79.088,91.719,12.631,0.5079999999999956,0.8199999999999932,0.2308308664128113,0.3359169870998195,78.698,94.49,14.01,224
vpt1_v18_depth,VPT1 v18 Depth,pvt_v2_b2.in1k,pvt,77.109,91.953,14.844000000000008,0.4689999999999941,0.27299999999999613,0.22108872025099108,0.11481289126226153,82.062,95.966,25.36,224
vpt1_v18_depth,VPT1 v18 Depth,pvt_v2_b2_li.in1k,pvt,77.122,91.784,14.662000000000006,0.2740000000000009,0.42900000000000205,0.1291648386967431,0.18106904760339565,82.2,96.108,22.55,224
vpt1_v18_depth,VPT1 v18 Depth,pvt_v2_b3.in1k,pvt,78.203,92.018,13.814999999999998,0.8210000000000122,0.703000000000003,0.3452313234147061,0.3012887135106272,83.12,96.56,45.24,224
vpt1_v18_depth,VPT1 v18 Depth,pvt_v2_b4.in1k,pvt,77.709,91.537,13.828000000000003,0.6639999999999873,0.9369999999999976,0.2894043691599807,0.38957783418578656,83.71,96.672,62.56,224
vpt1_v18_depth,VPT1 v18 Depth,pvt_v2_b5.in1k,pvt,76.875,91.263,14.388000000000005,0.7819999999999965,0.6640000000000015,0.3377701388025086,0.2963436443650466,83.76,96.634,81.96,224
vpt1_v18_depth,VPT1 v18 Depth,regnetx_002.pycls_in1k,regnetx,74.61,86.016,11.406000000000006,0.7809999999999917,0.703000000000003,0.33746143812622575,0.28699864498325234,68.758,88.568,2.68,224
vpt1_v18_depth,VPT1 v18 Depth,regnetx_004.pycls_in1k,regnetx,75.13,85.807,10.677000000000007,2.0700000000000074,0.4690000000000083,0.8758258325083204,0.19492277673194058,72.482,90.84,5.16,224
vpt1_v18_depth,VPT1 v18 Depth,regnetx_004_tv.tv2_in1k,regnetx,71.705,86.38,14.674999999999997,2.421999999999997,0.5859999999999985,1.0371391206369345,0.2596335023750873,74.596,92.14,5.5,224
vpt1_v18_depth,VPT1 v18 Depth,regnetx_008.pycls_in1k,regnetx,78.203,87.135,8.932000000000002,0.39000000000000057,0.3129999999999882,0.16849925815860636,0.14754961500758734,75.054,92.338,7.26,224
vpt1_v18_depth,VPT1 v18 Depth,regnetx_008.tv2_in1k,regnetx,76.107,87.487,11.379999999999995,0.27299999999999613,0.8199999999999932,0.12055704044144208,0.3776950563027704,77.294,93.664,7.26,224
vpt1_v18_depth,VPT1 v18 Depth,regnetx_016.pycls_in1k,regnetx,77.435,87.904,10.468999999999994,0.4680000000000035,0.9759999999999991,0.19194269978303538,0.4011195443865688,76.936,93.432,9.19,224
vpt1_v18_depth,VPT1 v18 Depth,regnetx_016.tv2_in1k,regnetx,77.461,88.711,11.25,0.39000000000000057,0.625,0.16849925815860417,0.25515529040610196,79.44,94.768,9.19,224
vpt1_v18_depth,VPT1 v18 Depth,regnetx_032.pycls_in1k,regnetx,78.893,88.789,9.896,0.5069999999999908,0.625,0.23900209204104872,0.26109810842329473,78.16,94.088,15.3,224
vpt1_v18_depth,VPT1 v18 Depth,regnety_002.pycls_in1k,regnety,76.367,84.935,8.567999999999998,1.2109999999999985,0.8599999999999994,0.4951572140913087,0.405407887880287,70.288,89.544,3.16,224
vpt1_v18_depth,VPT1 v18 Depth,regnety_004.pycls_in1k,regnety,76.927,86.601,9.673999999999992,1.0160000000000053,0.35200000000000387,0.45389009927759355,0.14637015482065532,74.004,91.756,4.34,224
vpt1_v18_depth,VPT1 v18 Depth,regnety_004.tv2_in1k,regnety,75.052,86.172,11.11999999999999,2.1099999999999994,1.3290000000000077,0.8940717097762474,0.6087311028324066,75.594,92.706,4.34,224
vpt1_v18_depth,VPT1 v18 Depth,regnety_006.pycls_in1k,regnety,78.073,86.862,8.789000000000001,0.820999999999998,0.7809999999999917,0.3412926408035573,0.35122863715185926,75.274,92.532,6.06,224
vpt1_v18_depth,VPT1 v18 Depth,regnety_008.pycls_in1k,regnety,79.18,87.474,8.293999999999997,0.07799999999998875,0.9379999999999882,0.03184336665617672,0.38469815006919783,76.334,93.06,6.26,224
vpt1_v18_depth,VPT1 v18 Depth,regnety_008_tv.tv2_in1k,regnety,77.513,88.19,10.676999999999992,0.8210000000000122,0.8990000000000009,0.3352978775159038,0.3671303129226283,78.672,94.38,6.43,224
vpt1_v18_depth,VPT1 v18 Depth,regnety_016.pycls_in1k,regnety,79.74,88.164,8.424000000000007,0.4689999999999941,0.546999999999997,0.2051898849575377,0.23007873048637512,77.88,93.726,11.2,224
vpt1_v18_depth,VPT1 v18 Depth,regnety_016.tv2_in1k,regnety,75.352,87.761,12.408999999999992,0.07900000000000773,0.8589999999999947,0.03225247621846153,0.38037028742470547,80.668,95.336,11.2,224
vpt1_v18_depth,VPT1 v18 Depth,regnety_032.pycls_in1k,regnety,81.029,88.854,7.825000000000003,0.35200000000000387,0.9380000000000024,0.15094664252274476,0.38469815006920394,78.902,94.426,19.44,224
vpt1_v18_depth,VPT1 v18 Depth,regnety_040.ra3_in1k,regnety,78.763,87.487,8.72399999999999,0.820999999999998,1.2109999999999985,0.35009236876382527,0.49855858900099836,82.308,96.078,20.65,224
vpt1_v18_depth,VPT1 v18 Depth,regnety_080.ra3_in1k,regnety,81.419,87.187,5.768000000000001,0.3119999999999976,0.6640000000000015,0.14707821048680075,0.283489368799296,83.166,96.48,39.18,224
vpt1_v18_depth,VPT1 v18 Depth,regnety_120.sw_in12k_ft_in1k,regnety,81.797,90.729,8.932000000000002,0.1950000000000074,0.5859999999999985,0.08424962907930537,0.2598170296360272,84.994,97.412,51.82,224
vpt1_v18_depth,VPT1 v18 Depth,regnety_160.lion_in12k_ft_in1k,regnety,81.992,91.276,9.283999999999992,0.3119999999999976,0.6640000000000015,0.1273734666247243,0.2712247940157559,85.602,97.668,83.59,224
vpt1_v18_depth,VPT1 v18 Depth,regnety_320.swag_ft_in1k,regnety,84.727,91.94,7.212999999999994,0.4689999999999941,0.4690000000000083,0.19146859330506738,0.2051898849575443,86.83,98.362,145.05,384
vpt1_v18_depth,VPT1 v18 Depth,regnety_320.tv2_in1k,regnety,81.497,89.622,8.125,0.23499999999999943,0.546999999999997,0.09763992808044962,0.24158136425551255,83.17,96.416,145.05,224
vpt1_v18_depth,VPT1 v18 Depth,regnetz_d32.ra3_in1k,regnetz,82.695,87.149,4.454000000000008,0.4300000000000068,1.6800000000000068,0.1776632269835911,0.7125696847014745,83.432,96.634,27.58,256
vpt1_v18_depth,VPT1 v18 Depth,repghostnet_050.in1k,repghostnet,76.719,86.211,9.492000000000004,0.9380000000000024,0.703000000000003,0.38688844214665713,0.33139737811609665,66.978,86.936,2.31,224
vpt1_v18_depth,VPT1 v18 Depth,repghostnet_058.in1k,repghostnet,78.542,85.755,7.212999999999994,0.7810000000000059,1.0150000000000006,0.3512286371518659,0.43977898489531847,68.938,88.386,2.55,224
vpt1_v18_depth,VPT1 v18 Depth,repvgg_a0.rvgg_in1k,repvgg,79.714,86.679,6.965000000000003,1.054000000000002,0.6639999999999873,0.4466425366616521,0.2834893687992895,72.426,90.506,9.11,224
vpt1_v18_depth,VPT1 v18 Depth,repvgg_a1.rvgg_in1k,repvgg,80.117,87.969,7.85199999999999,1.2109999999999985,0.5859999999999985,0.4951572140913087,0.24084480941515365,74.474,91.852,14.09,224
vpt1_v18_depth,VPT1 v18 Depth,repvgg_a2.rvgg_in1k,repvgg,79.388,88.932,9.543999999999997,0.820999999999998,0.23399999999999466,0.3412926408035573,0.09728309205611983,76.488,93.016,28.21,224
vpt1_v18_depth,VPT1 v18 Depth,repvgg_b0.rvgg_in1k,repvgg,80.469,88.581,8.112000000000009,0.5080000000000098,0.546999999999997,0.20918466058060683,0.24158136425551255,75.158,92.41,15.82,224
vpt1_v18_depth,VPT1 v18 Depth,repvgg_b1.rvgg_in1k,repvgg,80.365,88.932,8.567000000000007,0.35200000000000387,1.0160000000000053,0.14398225199269968,0.4402426098818226,78.37,94.106,57.42,224
vpt1_v18_depth,VPT1 v18 Depth,repvgg_b1g4.rvgg_in1k,repvgg,83.372,89.076,5.7039999999999935,0.23499999999999943,0.3129999999999882,0.09763992808044962,0.129131285476788,77.608,93.846,39.97,224
vpt1_v18_depth,VPT1 v18 Depth,repvgg_b2.rvgg_in1k,repvgg,80.885,89.388,8.503,1.0550000000000068,0.42899999999998784,0.43555201245724734,0.18106904760338918,78.788,94.414,89.02,224
vpt1_v18_depth,VPT1 v18 Depth,repvgg_b2g4.rvgg_in1k,repvgg,79.675,89.466,9.790999999999997,0.5079999999999956,1.328000000000003,0.20760432451072602,0.5424653598771704,79.396,94.68,61.76,224
vpt1_v18_depth,VPT1 v18 Depth,repvgg_b3g4.rvgg_in1k,repvgg,81.589,89.323,7.733999999999995,0.625,0.6650000000000063,0.2578246604876185,0.28970444709508253,80.224,95.1,83.83,224
vpt1_v18_depth,VPT1 v18 Depth,repvgg_d2se.rvgg_in1k,repvgg,81.888,91.172,9.283999999999992,0.3119999999999976,0.3509999999999991,0.13257450735341092,0.1459246380841829,83.55,96.666,133.33,320
vpt1_v18_depth,VPT1 v18 Depth,repvit_m1_0.dist_450e_in1k,repvit,75.664,73.984,-1.6800000000000068,0.8210000000000122,4.063000000000002,0.3452313234147077,1.879626263087665,80.43,94.922,7.3,224
vpt1_v18_depth,VPT1 v18 Depth,repvit_m1_1.dist_450e_in1k,repvit,78.815,85.469,6.653999999999996,1.1329999999999956,2.1089999999999947,0.494421547534758,0.8680631057449407,81.314,95.568,8.8,224
vpt1_v18_depth,VPT1 v18 Depth,repvit_m2_3.dist_450e_in1k,repvit,77.474,75.521,-1.953000000000003,0.1560000000000059,0.5080000000000098,0.06628725367670872,0.23083086641281506,83.746,96.65,23.69,224
vpt1_v18_depth,VPT1 v18 Depth,res2net50_14w_8s.in1k,res2net50,74.844,89.779,14.935000000000002,1.0929999999999893,1.171999999999997,0.47598762822390517,0.4788200775517517,78.142,93.852,25.06,224
vpt1_v18_depth,VPT1 v18 Depth,res2net50_26w_4s.in1k,res2net50,73.763,89.479,15.715999999999994,0.8199999999999932,0.39100000000000534,0.36954145760507856,0.16070746370000843,77.994,93.86,25.7,224
vpt1_v18_depth,VPT1 v18 Depth,res2net50_26w_6s.in1k,res2net50,74.049,89.193,15.143999999999991,0.03900000000000148,0.7809999999999917,0.018384776310850934,0.3209281678022147,78.586,94.12,37.05,224
vpt1_v18_depth,VPT1 v18 Depth,res2net50_26w_8s.in1k,res2net50,76.328,89.544,13.215999999999994,0.8589999999999947,0.23399999999999466,0.35503270584865937,0.09728309205611983,78.95,94.28,48.4,224
vpt1_v18_depth,VPT1 v18 Depth,res2net50_48w_2s.in1k,res2net50,76.719,89.518,12.799000000000007,0.19499999999999318,0.4300000000000068,0.0842496290792988,0.1815237970319314,77.528,93.562,25.29,224
vpt1_v18_depth,VPT1 v18 Depth,res2net50d.in1k,res2net50d.in1k,74.727,88.125,13.397999999999996,0.7420000000000044,1.1329999999999956,0.3140767775914401,0.4633666654677104,80.28,95.028,25.72,224
vpt1_v18_depth,VPT1 v18 Depth,resmlp_12_224.fb_distilled_in1k,resmlp,78.386,90.846,12.460000000000008,0.8589999999999947,0.11699999999999022,0.38037028742470547,0.04864154602805675,77.948,93.57,15.35,224
vpt1_v18_depth,VPT1 v18 Depth,resmlp_12_224.fb_in1k,resmlp,76.758,90.625,13.867000000000004,0.7820000000000107,0.8599999999999994,0.337770138802513,0.38812970340681896,76.66,93.17,15.35,224
vpt1_v18_depth,VPT1 v18 Depth,resmlp_24_224.fb_in1k,resmlp,77.201,91.445,14.244,0.35199999999998965,0.4690000000000083,0.1439822519926941,0.1914685933050732,79.38,94.55,30.02,224
vpt1_v18_depth,VPT1 v18 Depth,resmlp_36_224.fb_in1k,resmlp,78.268,91.133,12.864999999999995,1.6409999999999911,1.3279999999999887,0.7113706644374759,0.5532618427712703,79.772,94.888,44.69,224
vpt1_v18_depth,VPT1 v18 Depth,resnest101e.in1k,resnest,80.234,90.716,10.482,0.7810000000000059,0.8589999999999947,0.32361740098799285,0.36259282336465826,82.916,96.31,48.28,256
vpt1_v18_depth,VPT1 v18 Depth,resnest50d.in1k,resnest,82.37,89.531,7.161000000000001,0.5080000000000098,0.625,0.21721315695776175,0.26109810842329334,80.958,95.372,27.48,224
vpt1_v18_depth,VPT1 v18 Depth,resnest50d_1s4x24d.in1k,resnest,81.771,89.831,8.060000000000002,0.23399999999999466,0.4690000000000083,0.1023621023621532,0.1923266896599552,81.024,95.338,25.68,224
vpt1_v18_depth,VPT1 v18 Depth,resnest50d_4s2x40d.in1k,resnest,80.261,89.062,8.801000000000002,0.9759999999999991,0.5079999999999956,0.4036502886850885,0.2092467974001552,81.146,95.566,30.42,224
vpt1_v18_depth,VPT1 v18 Depth,resnet101.a1_in1k,resnet,78.893,86.797,7.903999999999996,0.4690000000000083,0.8210000000000122,0.2051898849575443,0.3452313234147061,81.494,95.164,44.55,224
vpt1_v18_depth,VPT1 v18 Depth,resnet101.a2_in1k,resnet,78.542,86.575,8.033000000000001,1.1330000000000098,0.8589999999999947,0.4648232639043255,0.38037028742470547,81.344,95.198,44.55,224
vpt1_v18_depth,VPT1 v18 Depth,resnet101.a3_in1k,resnet,80.299,86.081,5.7819999999999965,0.11800000000000921,0.19499999999999318,0.04899886620003811,0.08013738203859358,77.928,93.686,44.55,160
vpt1_v18_depth,VPT1 v18 Depth,resnet10t.c3_in1k,resnet,76.016,86.862,10.84599999999999,0.19499999999999318,0.5079999999999956,0.0842496290792988,0.2308308664128113,66.724,86.976,5.44,176
vpt1_v18_depth,VPT1 v18 Depth,resnet14t.c3_in1k,resnet,81.172,88.594,7.421999999999997,0.5080000000000098,0.9759999999999991,0.22337014621973106,0.40699658748228107,71.318,89.68,10.08,176
vpt1_v18_depth,VPT1 v18 Depth,resnet152.a1_in1k,resnet,78.398,86.68,8.28200000000001,0.625,0.7810000000000059,0.25515529040610196,0.32361740098799285,81.998,95.294,60.19,224
vpt1_v18_depth,VPT1 v18 Depth,resnet152.a3_in1k,resnet,80.573,85.912,5.339000000000013,0.7029999999999887,0.703000000000003,0.3225981332177139,0.29632902134095834,78.896,94.14,60.19,160
vpt1_v18_depth,VPT1 v18 Depth,resnet18.a1_in1k,resnet,73.607,87.265,13.658000000000001,1.1329999999999956,0.8199999999999932,0.4945882687201089,0.3865517070486428,71.504,90.086,11.69,224
vpt1_v18_depth,VPT1 v18 Depth,resnet18.a3_in1k,resnet,74.909,84.831,9.921999999999997,1.0160000000000053,2.1880000000000024,0.4248442851994934,0.9405829161866709,65.67,86.268,11.69,160
vpt1_v18_depth,VPT1 v18 Depth,resnet18.fb_ssl_yfcc100m_ft_in1k,resnet,77.982,89.115,11.132999999999996,0.703000000000003,0.23499999999999943,0.3012887135106272,0.09772864927383902,72.636,91.416,11.69,224
vpt1_v18_depth,VPT1 v18 Depth,resnet18.fb_swsl_ig1b_ft_in1k,resnet,77.865,88.438,10.573000000000008,1.054000000000002,0.35199999999998965,0.4578721315923133,0.14637015482065027,73.286,91.754,11.69,224
vpt1_v18_depth,VPT1 v18 Depth,resnet18.gluon_in1k,resnet,76.237,87.057,10.820000000000007,0.9380000000000024,1.0160000000000053,0.42478308189788616,0.41640685232914737,70.844,89.75,11.69,224
vpt1_v18_depth,VPT1 v18 Depth,resnet18.tv_in1k,resnet,74.766,88.307,13.540999999999997,0.8979999999999961,0.9380000000000024,0.36766047138932595,0.43327768873501465,69.752,89.082,11.69,224
vpt1_v18_depth,VPT1 v18 Depth,resnet200d.ra2_in1k,resnet,82.044,88.463,6.418999999999997,0.11699999999999022,1.1330000000000098,0.04864154602805675,0.5166987086838515,83.25,96.552,64.69,256
vpt1_v18_depth,VPT1 v18 Depth,resnet34.a1_in1k,resnet,73.854,86.25,12.396,0.11700000000000443,0.8599999999999994,0.04864154602806308,0.36801449246825413,76.42,92.896,21.8,224
vpt1_v18_depth,VPT1 v18 Depth,resnet34.a3_in1k,resnet,74.661,84.31,9.649000000000001,0.703000000000003,1.7569999999999908,0.28937442104573863,0.7201726644816933,70.58,89.54,21.8,160
vpt1_v18_depth,VPT1 v18 Depth,resnet34.gluon_in1k,resnet,74.688,87.305,12.617000000000004,0.5079999999999956,0.39100000000000534,0.2092467974001552,0.16880824097840325,74.574,91.988,21.8,224
vpt1_v18_depth,VPT1 v18 Depth,resnet34d.ra2_in1k,resnet,72.2,82.448,10.24799999999999,0.4689999999999941,0.8210000000000122,0.19501168056184434,0.3500923687638298,77.108,93.372,21.82,224
vpt1_v18_depth,VPT1 v18 Depth,resnet50.a1_in1k,resnet,78.008,87.214,9.206000000000003,0.3119999999999976,0.23500000000001364,0.13880201727640565,0.10282779563696194,80.382,94.598,25.56,224
vpt1_v18_depth,VPT1 v18 Depth,resnet50.a1h_in1k,resnet,78.685,84.128,5.442999999999998,1.171999999999997,1.524000000000001,0.5348389165596156,0.6844230335756464,79.264,94.498,25.56,176
vpt1_v18_depth,VPT1 v18 Depth,resnet50.a3_in1k,resnet,79.661,86.081,6.420000000000002,1.4059999999999917,1.2900000000000063,0.6028650116089157,0.5549206149431574,75.994,92.494,25.56,160
vpt1_v18_depth,VPT1 v18 Depth,resnet50.am_in1k,resnet,79.753,89.544,9.790999999999997,0.3130000000000024,0.39100000000000534,0.13303215985451128,0.1756518020276365,79.004,94.392,25.56,224
vpt1_v18_depth,VPT1 v18 Depth,resnet50.ram_in1k,resnet,77.357,89.375,12.018,0.4690000000000083,0.27300000000001035,0.19237174659728526,0.11481289126226636,79.034,94.386,25.56,224
vpt1_v18_depth,VPT1 v18 Depth,resnet50.tv_in1k,resnet,79.648,89.479,9.831000000000003,0.39099999999999113,0.03900000000000148,0.15962525559015112,0.018384776310850934,76.156,92.866,25.56,224
vpt1_v18_depth,VPT1 v18 Depth,resnet50d.a3_in1k,resnet,79.87,84.753,4.882999999999996,0.5859999999999985,1.4849999999999994,0.24779740829063338,0.6073770566039591,77.222,93.256,25.58,160
vpt1_v18_depth,VPT1 v18 Depth,resnet50d.ra2_in1k,resnet,79.739,87.136,7.396999999999991,0.5859999999999985,1.25,0.26752486904128486,0.5264030986062129,80.546,95.16,25.58,224
vpt1_v18_depth,VPT1 v18 Depth,resnetrs50.tf_in1k,resnetrs,81.107,87.93,6.8230000000000075,0.1559999999999917,0.5079999999999956,0.06628725367670221,0.22337014621972442,77.858,93.81,35.69,160
vpt1_v18_depth,VPT1 v18 Depth,resnext101_32x8d.tv2_in1k,resnext,76.875,88.138,11.263000000000005,0.703000000000003,0.07800000000000296,0.3075519829593431,0.03676955262170187,81.99,95.716,88.79,176
vpt1_v18_depth,VPT1 v18 Depth,resnext50_32x4d.a1_in1k,resnext,77.787,87.513,9.725999999999999,0.5859999999999985,1.0549999999999926,0.2598170296360298,0.4354821083198073,80.526,94.458,25.03,224
vpt1_v18_depth,VPT1 v18 Depth,resnext50_32x4d.tv_in1k,resnext,78.203,89.479,11.275999999999996,0.3119999999999976,0.39000000000000057,0.13880201727640565,0.18384776310850262,77.632,93.674,25.03,224
vpt1_v18_depth,VPT1 v18 Depth,rexnet_100.nav_in1k,rexnet,77.695,74.909,-2.785999999999987,0.8199999999999932,1.6789999999999878,0.344778511833641,0.7030367463132063,77.862,93.89,4.8,224
vpt1_v18_depth,VPT1 v18 Depth,rexnet_130.nav_in1k,rexnet,80.365,77.201,-3.1640000000000015,0.4299999999999926,2.852000000000004,0.20270394394014013,1.1687270378017665,79.492,94.68,7.56,224
vpt1_v18_depth,VPT1 v18 Depth,rexnet_150.nav_in1k,rexnet,80.781,78.529,-2.2520000000000095,0.8199999999999932,1.875,0.3359169870998195,0.8660842915097807,80.322,95.164,9.73,224
vpt1_v18_depth,VPT1 v18 Depth,rexnet_200.nav_in1k,rexnet,81.068,79.935,-1.1329999999999956,0.8589999999999947,0.27300000000001035,0.3624732940354188,0.12869343417595652,81.636,95.672,16.37,224
vpt1_v18_depth,VPT1 v18 Depth,rexnet_300.nav_in1k,rexnet,81.992,84.232,2.239999999999995,0.4300000000000068,1.0550000000000068,0.17766322698359213,0.4424123265311096,82.78,96.23,34.71,224
vpt1_v18_depth,VPT1 v18 Depth,selecsls60.in1k,selecsls60.in1k,75.977,87.604,11.626999999999995,1.1319999999999908,1.0549999999999926,0.4695255288290705,0.4354821083198063,77.974,93.822,30.67,224
vpt1_v18_depth,VPT1 v18 Depth,semnasnet_075.rmsp_in1k,semnasnet,77.565,75.586,-1.9789999999999992,0.8589999999999947,3.828000000000003,0.3960642484356378,1.5637474220602265,73.0,91.124,2.91,224
vpt1_v18_depth,VPT1 v18 Depth,seresnet50.a3_in1k,seresnet50.a3,79.727,85.208,5.4809999999999945,0.6640000000000015,0.5859999999999985,0.30423711512933865,0.24356427397209823,75.104,92.096,28.09,160
vpt1_v18_depth,VPT1 v18 Depth,seresnextaa101d_32x8d.sw_in12k_ft_in1k,seresnextaa101d,80.299,90.299,10.0,0.5079999999999956,0.9369999999999976,0.21247326629222887,0.4036717588448405,85.956,97.824,93.59,224
vpt1_v18_depth,VPT1 v18 Depth,seresnextaa101d_32x8d.sw_in12k_ft_in1k_288,seresnextaa101d,81.666,91.576,9.909999999999997,0.6639999999999873,1.4850000000000136,0.2894043691599807,0.6065346010098921,86.53,98.094,93.59,288
vpt1_v18_depth,VPT1 v18 Depth,shvit_s3.in1k,shvit,73.698,83.542,9.844000000000008,0.9369999999999976,3.5940000000000083,0.40991408313884,1.469086110478215,77.356,93.31,14.25,224
vpt1_v18_depth,VPT1 v18 Depth,shvit_s4.in1k,shvit,76.406,80.547,4.140999999999991,0.27299999999999613,4.805000000000007,0.11481289126225992,1.96647315432138,79.362,94.37,16.59,256
vpt1_v18_depth,VPT1 v18 Depth,skresnet18.ra_in1k,skresnet18.ra,76.589,88.099,11.510000000000005,0.5079999999999956,1.0550000000000068,0.2172131569577572,0.47979648463350394,73.02,91.172,11.96,224
vpt1_v18_depth,VPT1 v18 Depth,skresnet34.ra_in1k,skresnet34.ra,76.133,87.761,11.628,1.4840000000000089,1.0940000000000083,0.6449208392422243,0.4831627285110317,76.956,93.32,22.28,224
vpt1_v18_depth,VPT1 v18 Depth,spnasnet_100.rmsp_in1k,spnasnet,78.451,75.443,-3.0079999999999956,0.39099999999999113,4.219000000000008,0.17584905143016358,1.7227869540047314,74.086,91.826,4.42,224
vpt1_v18_depth,VPT1 v18 Depth,swin_base_patch4_window7_224.ms_in1k,swin,79.18,92.136,12.955999999999989,0.546999999999997,0.4690000000000083,0.2233119392737918,0.21249366003614575,83.604,96.45,87.77,224
vpt1_v18_depth,VPT1 v18 Depth,swin_base_patch4_window7_224.ms_in22k_ft_in1k,swin,82.409,92.656,10.247,0.39000000000000057,0.19499999999999318,0.16340746616969473,0.0842496290792988,85.276,97.566,87.77,224
vpt1_v18_depth,VPT1 v18 Depth,swin_large_patch4_window12_384.ms_in22k_ft_in1k,swin,83.932,93.073,9.140999999999991,0.625,0.5459999999999923,0.2711289156266592,0.23472111110847912,87.142,98.228,196.74,384
vpt1_v18_depth,VPT1 v18 Depth,swin_s3_base_224.ms_in1k,swin,78.685,93.125,14.439999999999998,1.5620000000000118,0.5859999999999985,0.6442753034741222,0.24084480941515443,83.92,96.65,71.13,224
vpt1_v18_depth,VPT1 v18 Depth,swin_s3_small_224.ms_in1k,swin,78.594,91.68,13.086000000000013,1.3669999999999902,0.8589999999999947,0.558756357159954,0.35503270584865937,83.778,96.46,49.74,224
vpt1_v18_depth,VPT1 v18 Depth,swin_s3_tiny_224.ms_in1k,swin,79.453,92.474,13.021,0.6640000000000015,0.7420000000000044,0.272452238423953,0.30642272906703616,82.128,95.958,28.33,224
vpt1_v18_depth,VPT1 v18 Depth,swin_small_patch4_window7_224.ms_in1k,swin,78.737,92.292,13.555000000000007,0.27300000000001035,1.1319999999999908,0.12055704044144872,0.4666278555289554,83.228,96.326,49.61,224
vpt1_v18_depth,VPT1 v18 Depth,swin_small_patch4_window7_224.ms_in22k_ft_in1k,swin,78.984,92.409,13.425000000000011,1.0929999999999893,0.3509999999999991,0.45970449445509887,0.15707959765672871,83.33,96.996,49.61,224
vpt1_v18_depth,VPT1 v18 Depth,swin_tiny_patch4_window7_224.ms_in1k,swin,80.534,92.669,12.134999999999991,0.35200000000000387,0.39000000000000057,0.1575485815726566,0.17537958832201653,81.388,95.54,28.29,224
vpt1_v18_depth,VPT1 v18 Depth,swin_tiny_patch4_window7_224.ms_in22k_ft_in1k,swin,79.219,92.956,13.737000000000009,0.7419999999999902,0.35200000000000387,0.31395257957567346,0.14401234514983768,80.966,96.02,28.29,224
vpt1_v18_depth,VPT1 v18 Depth,swinv2_base_window12to16_192to256.ms_in22k_ft_in1k,swinv2,81.927,93.281,11.354,0.5069999999999908,0.546999999999997,0.23036058690669692,0.2491750834698794,86.27,97.906,87.92,256
vpt1_v18_depth,VPT1 v18 Depth,swinv2_base_window12to24_192to384.ms_in22k_ft_in1k,swinv2,82.005,93.763,11.75800000000001,0.9380000000000024,0.39000000000000057,0.40413391619885597,0.17537958832201653,87.142,98.228,87.92,384
vpt1_v18_depth,VPT1 v18 Depth,swinv2_cr_small_224.sw_in1k,swinv2,78.112,92.305,14.193000000000012,0.1560000000000059,1.8359999999999985,0.06628725367670872,0.8088671089863897,83.126,96.11,49.7,224
vpt1_v18_depth,VPT1 v18 Depth,swinv2_cr_small_ns_224.sw_in1k,swinv2,76.979,92.383,15.403999999999996,0.27299999999999613,0.42900000000000205,0.12055704044144208,0.17729636206081764,83.49,96.486,49.7,224
vpt1_v18_depth,VPT1 v18 Depth,swinv2_cr_tiny_ns_224.sw_in1k,swinv2,80.404,92.513,12.109000000000009,0.8980000000000103,0.39000000000000057,0.3803588948465536,0.17537958832201653,81.796,95.824,28.33,224
vpt1_v18_depth,VPT1 v18 Depth,swinv2_large_window12to16_192to256.ms_in22k_ft_in1k,swinv2,83.073,93.294,10.221000000000004,0.4679999999999893,0.703000000000003,0.19194269978302994,0.2893744210457378,86.934,98.106,196.74,256
vpt1_v18_depth,VPT1 v18 Depth,swinv2_large_window12to24_192to384.ms_in22k_ft_in1k,swinv2,83.32,93.268,9.948000000000008,0.11699999999999022,0.35200000000000387,0.0551543289325461,0.15094664252274476,87.474,98.264,196.74,384
vpt1_v18_depth,VPT1 v18 Depth,swinv2_small_window16_256.ms_in1k,swinv2,79.049,92.279,13.22999999999999,0.39099999999999113,0.3130000000000024,0.17584905143016358,0.12913128547679423,84.216,96.874,49.73,256
vpt1_v18_depth,VPT1 v18 Depth,swinv2_tiny_window16_256.ms_in1k,swinv2,80.573,92.513,11.940000000000012,0.8599999999999994,0.27300000000001035,0.39653527235571584,0.11183022847155838,82.828,96.222,28.35,256
vpt1_v18_depth,VPT1 v18 Depth,tf_efficientnet_b0.aa_in1k,tf_efficientnet,78.958,79.349,0.39100000000000534,0.5859999999999985,0.5069999999999908,0.26752486904128187,0.20718590685661623,76.882,93.27,5.29,224
vpt1_v18_depth,VPT1 v18 Depth,tf_efficientnet_b0.in1k,tf_efficientnet,78.581,76.823,-1.7580000000000098,0.625,0.625,0.2557998349404384,0.2578246604876185,76.542,93.008,5.29,224
vpt1_v18_depth,VPT1 v18 Depth,tf_efficientnet_b1.aa_in1k,tf_efficientnet,78.763,79.258,0.49499999999999034,0.5459999999999923,0.9769999999999897,0.2259159135607731,0.44332255625998396,78.84,94.202,7.79,240
vpt1_v18_depth,VPT1 v18 Depth,tf_efficientnet_b3.aa_in1k,tf_efficientnet,78.398,80.013,1.615000000000009,0.546999999999997,2.069999999999993,0.2491750834698794,0.8711774918018814,81.648,95.724,12.23,300
vpt1_v18_depth,VPT1 v18 Depth,tf_efficientnet_b4.aa_in1k,tf_efficientnet,79.662,81.68,2.0180000000000007,0.3130000000000024,1.3669999999999902,0.14754961500759403,0.564243643197586,83.04,96.298,19.34,380
vpt1_v18_depth,VPT1 v18 Depth,tf_efficientnet_b5.ra_in1k,tf_efficientnet,81.628,83.008,1.3799999999999955,0.03900000000000148,1.2890000000000015,0.018384776310850934,0.5820265362411654,83.834,96.764,30.39,456
vpt1_v18_depth,VPT1 v18 Depth,tf_efficientnet_b6.aa_in1k,tf_efficientnet,81.172,84.779,3.6069999999999993,0.0,1.1709999999999923,0.0,0.4837177781401935,84.124,96.89,43.04,528
vpt1_v18_depth,VPT1 v18 Depth,tf_efficientnet_b7.ap_in1k,tf_efficientnet,85.521,88.958,3.4369999999999976,0.11700000000000443,0.8979999999999961,0.04864154602806308,0.37225200544195114,85.132,97.256,66.35,600
vpt1_v18_depth,VPT1 v18 Depth,tf_efficientnet_b7.ra_in1k,tf_efficientnet,82.93,87.356,4.425999999999988,0.7810000000000059,1.2890000000000015,0.32361740098799285,0.5901154312693596,84.926,97.22,66.35,600
vpt1_v18_depth,VPT1 v18 Depth,tf_efficientnetv2_b3.in21k_ft_in1k,tf_efficientnetv2,77.93,78.503,0.5729999999999933,0.39100000000000534,1.7580000000000098,0.16896219169454124,0.819463781316108,81.078,95.92,14.36,240
vpt1_v18_depth,VPT1 v18 Depth,tf_efficientnetv2_l.in21k_ft_in1k,tf_efficientnetv2,78.88,87.643,8.763000000000005,0.7809999999999917,3.1640000000000015,0.3209821732675404,1.2925234577712275,85.846,97.766,118.52,384
vpt1_v18_depth,VPT1 v18 Depth,tf_mobilenetv3_large_075.in1k,tf_mobilenetv3,80.377,77.057,-3.319999999999993,0.8979999999999961,0.5859999999999985,0.3695062771982198,0.2598170296360272,73.442,91.332,3.99,224
vpt1_v18_depth,VPT1 v18 Depth,tf_mobilenetv3_large_minimal_100.in1k,tf_mobilenetv3,79.622,77.097,-2.5250000000000057,0.2740000000000009,2.6559999999999917,0.1291648386967431,1.2087129058998596,72.27,90.664,3.92,224
vpt1_v18_depth,VPT1 v18 Depth,tf_mobilenetv3_small_075.in1k,tf_mobilenetv3,77.188,74.792,-2.396000000000001,0.23500000000001364,1.953000000000003,0.09593863779637113,0.7981672060971251,65.706,86.13,2.04,224
vpt1_v18_depth,VPT1 v18 Depth,tf_mobilenetv3_small_100.in1k,tf_mobilenetv3,78.138,74.544,-3.5940000000000083,0.39000000000000057,1.9529999999999887,0.17537958832201653,0.800671523715488,67.922,87.686,2.54,224
vpt1_v18_depth,VPT1 v18 Depth,tf_mobilenetv3_small_minimal_100.in1k,tf_mobilenetv3,78.203,73.125,-5.078000000000003,0.07800000000000296,0.8990000000000009,0.03184336665618252,0.4146862267626764,62.892,84.27,2.04,224
vpt1_v18_depth,VPT1 v18 Depth,tiny_vit_21m_224.in1k,tiny,79.036,91.68,12.644000000000005,0.8980000000000103,0.4690000000000083,0.36672817665889634,0.1914685933050732,83.268,96.602,21.2,224
vpt1_v18_depth,VPT1 v18 Depth,tiny_vit_5m_224.in1k,tiny,74.518,91.042,16.524,0.35200000000000387,0.7420000000000044,0.1439822519927001,0.3497821544269476,79.196,94.792,5.39,224
vpt1_v18_depth,VPT1 v18 Depth,tinynet_c.in1k,tinynet,78.45,75.469,-2.9810000000000088,1.2109999999999985,1.6020000000000039,0.5186407448535277,0.6592553037750685,71.214,89.746,2.46,184
vpt1_v18_depth,VPT1 v18 Depth,tresnet_l.miil_in1k,tresnet,79.258,89.219,9.960999999999999,0.5859999999999985,0.8990000000000009,0.2530577448374603,0.37622422392327015,81.498,95.652,55.99,224
vpt1_v18_depth,VPT1 v18 Depth,tresnet_m.miil_in1k,tresnet,81.029,89.362,8.332999999999998,0.4690000000000083,0.7419999999999902,0.19492277673194058,0.3257261972202323,80.816,94.862,31.39,224
vpt1_v18_depth,VPT1 v18 Depth,tresnet_m.miil_in21k_ft_in1k,tresnet,81.146,89.075,7.929000000000002,0.5069999999999908,0.8590000000000089,0.21675331600692502,0.35263232346958534,83.09,96.112,31.39,224
vpt1_v18_depth,VPT1 v18 Depth,tresnet_v2_l.miil_in21k_ft_in1k,tresnet,81.302,88.854,7.5519999999999925,0.23400000000000887,0.7809999999999917,0.09728309205612616,0.3439227949538783,83.91,96.492,46.17,224
vpt1_v18_depth,VPT1 v18 Depth,tresnet_xl.miil_in1k,tresnet,80.677,89.987,9.309999999999988,0.4690000000000083,0.11700000000000443,0.1950116805618494,0.04864154602806308,82.06,95.932,78.44,224
vpt1_v18_depth,VPT1 v18 Depth,twins_pcpvt_base.in1k,twins,75.391,91.55,16.158999999999992,1.171999999999997,1.9140000000000015,0.4816354084436328,0.7840515856044743,82.724,96.35,43.83,224
vpt1_v18_depth,VPT1 v18 Depth,twins_pcpvt_large.in1k,twins,76.966,91.601,14.635000000000005,0.7809999999999917,0.625,0.3209821732675404,0.26109810842329473,83.158,96.626,60.99,224
vpt1_v18_depth,VPT1 v18 Depth,twins_pcpvt_small.in1k,twins,76.302,91.719,15.416999999999987,1.3670000000000044,1.524000000000001,0.5581511145439635,0.637317468421788,81.116,95.624,24.11,224
vpt1_v18_depth,VPT1 v18 Depth,twins_svt_base.in1k,twins,78.919,92.265,13.346000000000004,0.625,0.7419999999999902,0.2946278254943948,0.3329237483602223,83.122,96.43,56.07,224
vpt1_v18_depth,VPT1 v18 Depth,twins_svt_large.in1k,twins,80.377,92.526,12.149000000000001,0.625,1.3670000000000044,0.2656066431565473,0.5599648798511107,83.718,96.6,99.27,224
vpt1_v18_depth,VPT1 v18 Depth,twins_svt_small.in1k,twins,75.912,91.328,15.415999999999997,0.6640000000000015,1.3279999999999887,0.2894043691599873,0.5668409535898608,81.694,95.67,24.06,224
vpt1_v18_depth,VPT1 v18 Depth,vgg11.tv_in1k,vgg11.tv,74.505,90.43,15.925000000000011,0.23399999999999466,0.8599999999999994,0.1023621023621508,0.3681560659406407,69.05,88.63,132.86,224
vpt1_v18_depth,VPT1 v18 Depth,vgg11_bn.tv_in1k,vgg11,77.826,89.206,11.38000000000001,0.8590000000000089,1.4840000000000089,0.3511792831146101,0.6736825826917501,70.374,89.802,132.87,224
vpt1_v18_depth,VPT1 v18 Depth,vgg13.tv_in1k,vgg13.tv,73.958,89.818,15.86,0.7419999999999902,1.0550000000000068,0.3063520124881717,0.43080003095017183,69.95,89.262,133.05,224
vpt1_v18_depth,VPT1 v18 Depth,vgg13_bn.tv_in1k,vgg13,77.344,89.167,11.823000000000008,0.4690000000000083,0.35200000000000387,0.19918891089170415,0.1575485815726566,71.56,90.372,133.05,224
vpt1_v18_depth,VPT1 v18 Depth,vgg16.tv_in1k,vgg16.tv,74.271,90.794,16.522999999999996,0.8990000000000009,1.4460000000000122,0.3698819631540132,0.6335667990740173,71.594,90.398,138.36,224
vpt1_v18_depth,VPT1 v18 Depth,vgg16_bn.tv_in1k,vgg16,76.432,89.375,12.942999999999998,0.3130000000000024,0.23400000000000887,0.12913128547679328,0.09553009996854757,73.354,91.49,138.37,224
vpt1_v18_depth,VPT1 v18 Depth,vgg19.tv_in1k,vgg19.tv,72.786,91.263,18.477000000000004,0.625,0.8589999999999947,0.2946278254943948,0.38037028742470547,72.4,90.878,143.67,224
vpt1_v18_depth,VPT1 v18 Depth,vgg19_bn.tv_in1k,vgg19,76.133,88.763,12.63000000000001,0.3119999999999976,1.7190000000000083,0.1273734666247243,0.7170738378220841,74.23,91.848,143.68,224
vpt1_v18_depth,VPT1 v18 Depth,visformer_small.in1k,visformer,80.95,92.552,11.602000000000004,0.4689999999999941,1.3670000000000044,0.21249366003614198,0.5795417730126694,82.092,95.876,40.22,224
vpt1_v18_depth,VPT1 v18 Depth,visformer_tiny.in1k,visformer,76.185,91.484,15.298999999999992,0.42900000000000205,0.35199999999998965,0.17537958832201755,0.16593439131843826,78.16,94.164,10.32,224
vpt1_v18_depth,VPT1 v18 Depth,vit_base_patch16_224.augreg2_in21k_ft_in1k,vit,80.755,92.487,11.732,0.7419999999999902,1.25,0.3097281962552863,0.5106414267043624,85.108,97.53,86.57,224
vpt1_v18_depth,VPT1 v18 Depth,vit_base_patch16_224.augreg_in1k,vit,80.677,92.63,11.952999999999989,0.7029999999999887,0.9369999999999976,0.3014325058044556,0.40991408313884,79.154,94.108,86.57,224
vpt1_v18_depth,VPT1 v18 Depth,vit_base_patch16_224.augreg_in21k_ft_in1k,vit,82.995,91.445,8.449999999999989,0.5860000000000127,1.1330000000000098,0.23941920465066707,0.4698858017291758,84.534,97.3,86.57,224
vpt1_v18_depth,VPT1 v18 Depth,vit_base_patch16_224.orig_in21k_ft_in1k,vit,77.956,91.888,13.932000000000002,1.1720000000000113,0.546999999999997,0.4788200775517574,0.2415813642555151,81.782,96.122,86.57,224
vpt1_v18_depth,VPT1 v18 Depth,vit_base_patch16_224.sam_in1k,vit,80.755,91.354,10.599000000000004,0.5080000000000098,0.27299999999999613,0.20760432451073166,0.12055704044144208,80.246,94.764,86.57,224
vpt1_v18_depth,VPT1 v18 Depth,vit_base_patch16_224_miil.in21k_ft_in1k,vit,80.326,91.784,11.458000000000013,1.2109999999999985,0.9380000000000024,0.5087372166016115,0.4249873200722848,84.278,96.798,86.54,224
vpt1_v18_depth,VPT1 v18 Depth,vit_base_patch16_clip_224.laion2b_ft_in12k_in1k,vit,76.315,91.927,15.612000000000009,1.6789999999999878,0.4690000000000083,0.6884625383175618,0.1950116805618494,86.204,97.762,86.57,224
vpt1_v18_depth,VPT1 v18 Depth,vit_base_patch16_clip_224.laion2b_ft_in1k,vit,76.471,91.797,15.325999999999993,0.39100000000000534,1.0940000000000083,0.1607074637000092,0.4500162960012332,85.488,97.586,86.57,224
vpt1_v18_depth,VPT1 v18 Depth,vit_base_patch16_clip_224.openai_ft_in12k_in1k,vit,78.047,92.252,14.204999999999998,0.5859999999999985,1.6400000000000006,0.2530577448374603,0.7640769303908838,85.954,97.724,86.57,224
vpt1_v18_depth,VPT1 v18 Depth,vit_base_patch16_clip_224.openai_ft_in1k,vit,76.276,85.0,8.724000000000004,0.5069999999999908,20.625,0.20718590685661623,8.951566455096001,85.282,97.448,86.57,224
vpt1_v18_depth,VPT1 v18 Depth,vit_base_patch16_clip_384.laion2b_ft_in12k_in1k,vit,78.242,91.536,13.293999999999997,0.39000000000000057,1.328000000000003,0.16849925815860417,0.5926872887300879,87.21,98.032,86.86,384
vpt1_v18_depth,VPT1 v18 Depth,vit_base_patch16_clip_384.laion2b_ft_in1k,vit,77.643,92.057,14.414000000000001,0.23399999999999466,0.703000000000003,0.1023621023621508,0.31462817561192674,86.638,98.008,86.86,384
vpt1_v18_depth,VPT1 v18 Depth,vit_base_patch16_rpn_224.sw_in1k,vit,79.271,91.836,12.564999999999998,0.9380000000000024,0.9770000000000039,0.3938155236486589,0.4220197467733786,82.218,95.996,86.54,224
vpt1_v18_depth,VPT1 v18 Depth,vit_base_patch32_224.augreg_in1k,vit,79.753,90.573,10.819999999999993,0.5859999999999985,0.8990000000000009,0.24356427397209823,0.398899318959892,74.908,91.77,88.22,224
vpt1_v18_depth,VPT1 v18 Depth,vit_base_patch32_224.augreg_in21k_ft_in1k,vit,80.846,90.521,9.674999999999997,0.23499999999999943,0.11700000000000443,0.10265909062956198,0.04864154602806308,80.732,95.574,88.22,224
vpt1_v18_depth,VPT1 v18 Depth,vit_base_patch32_224.sam_in1k,vit,80.599,90.534,9.935000000000002,0.5069999999999908,1.2109999999999985,0.20718590685661623,0.5619041041158367,73.704,91.012,88.22,224
vpt1_v18_depth,VPT1 v18 Depth,vit_base_patch32_384.augreg_in1k,vit,81.12,92.278,11.158000000000001,0.27299999999999613,1.2890000000000015,0.11183022847155233,0.5901154312693626,78.75,94.238,88.3,384
vpt1_v18_depth,VPT1 v18 Depth,vit_base_patch32_clip_224.laion2b_ft_in12k_in1k,vit,76.211,89.232,13.021,0.8199999999999932,2.7339999999999947,0.3448916093821659,1.2074395314972157,83.304,96.528,88.22,224
vpt1_v18_depth,VPT1 v18 Depth,vit_base_patch32_clip_224.laion2b_ft_in1k,vit,75.352,88.854,13.501999999999995,0.546999999999997,1.6019999999999897,0.23007873048637512,0.7291789903720457,82.614,96.206,88.22,224
vpt1_v18_depth,VPT1 v18 Depth,vit_base_patch32_clip_224.openai_ft_in1k,vit,76.042,89.974,13.932000000000002,0.9369999999999976,0.9380000000000024,0.3843143967581162,0.3938155236486589,81.944,95.972,88.22,224
vpt1_v18_depth,VPT1 v18 Depth,vit_base_patch8_224.augreg2_in21k_ft_in1k,vit,78.711,93.19,14.479,0.703000000000003,0.4300000000000068,0.33139737811609665,0.20270394394014685,86.252,97.84,86.58,224
vpt1_v18_depth,VPT1 v18 Depth,vit_base_patch8_224.augreg_in21k_ft_in1k,vit,81.25,93.489,12.239000000000004,0.23400000000000887,1.4849999999999994,0.09553009996854757,0.6132135752646779,85.838,97.776,86.58,224
vpt1_v18_depth,VPT1 v18 Depth,vit_huge_patch14_clip_224.laion2b_ft_in1k,vit,77.422,89.961,12.539000000000001,0.9380000000000024,1.445999999999998,0.3829368964551045,0.6404713542037261,87.612,98.226,632.05,224
vpt1_v18_depth,VPT1 v18 Depth,vit_huge_patch14_clip_336.laion2b_ft_in12k_in1k,vit,81.003,88.932,7.929000000000002,0.07800000000000296,13.47699999999999,0.03676955262170187,6.211048023929254,88.634,98.668,632.46,336
vpt1_v18_depth,VPT1 v18 Depth,vit_large_patch14_clip_224.laion2b_ft_in12k_in1k,vit,79.011,91.992,12.981000000000009,1.2109999999999985,0.9369999999999976,0.5186407448535277,0.4168743482420366,87.9,98.408,304.2,224
vpt1_v18_depth,VPT1 v18 Depth,vit_large_patch14_clip_224.laion2b_ft_in1k,vit,75.443,91.953,16.510000000000005,0.9770000000000039,2.0320000000000107,0.4165111709853142,0.8459934331239792,87.288,98.236,304.2,224
vpt1_v18_depth,VPT1 v18 Depth,vit_large_patch14_clip_224.openai_ft_in12k_in1k,vit,80.391,91.537,11.146,0.9759999999999991,3.8279999999999887,0.3994198570705045,1.7047784476451893,88.162,98.538,304.2,224
vpt1_v18_depth,VPT1 v18 Depth,vit_large_patch14_clip_224.openai_ft_in1k,vit,77.669,92.565,14.896,1.524000000000001,0.7040000000000077,0.6335873174937215,0.3017493441031279,87.858,98.43,304.2,224
vpt1_v18_depth,VPT1 v18 Depth,vit_large_patch16_224.augreg_in21k_ft_in1k,vit,82.331,92.435,10.104,0.7809999999999917,0.5069999999999908,0.3193580366227743,0.20718590685661623,85.856,97.822,304.33,224
vpt1_v18_depth,VPT1 v18 Depth,vit_large_patch16_384.augreg_in21k_ft_in1k,vit,84.036,92.825,8.789000000000001,0.5079999999999956,1.718999999999994,0.20760432451072602,0.7078042730083552,87.096,98.302,304.72,384
vpt1_v18_depth,VPT1 v18 Depth,vit_large_r50_s32_384.augreg_in21k_ft_in1k,vit,82.422,93.112,10.689999999999998,0.23399999999999466,0.6640000000000015,0.09553009996854177,0.2963436443650466,86.188,97.928,329.09,384
vpt1_v18_depth,VPT1 v18 Depth,vit_medium_patch16_gap_384.sw_in12k_ft_in1k,vit,79.635,93.398,13.762999999999991,1.0940000000000083,1.600999999999999,0.44817357748483855,0.6993102951400681,85.556,97.638,39.03,384
vpt1_v18_depth,VPT1 v18 Depth,vit_relpos_base_patch16_224.sw_in1k,vit,78.698,91.628,12.930000000000007,0.9770000000000039,0.1570000000000107,0.42837911558182507,0.07401050976419701,82.482,96.144,86.43,224
vpt1_v18_depth,VPT1 v18 Depth,vit_relpos_base_patch16_clsgap_224.sw_in1k,vit,79.857,91.393,11.536000000000001,0.4680000000000035,0.19499999999999318,0.21202358359390253,0.08013738203859436,82.758,96.178,86.43,224
vpt1_v18_depth,VPT1 v18 Depth,vit_relpos_medium_patch16_224.sw_in1k,vit,77.317,91.758,14.441000000000003,1.8359999999999985,0.9770000000000039,0.759047356156971,0.40734833578482665,82.462,96.086,38.75,224
vpt1_v18_depth,VPT1 v18 Depth,vit_relpos_medium_patch16_cls_224.sw_in1k,vit,79.649,91.51,11.861000000000004,1.25,0.4689999999999941,0.5221962168465881,0.2051898849575377,82.558,96.076,38.76,224
vpt1_v18_depth,VPT1 v18 Depth,vit_relpos_medium_patch16_rpn_224.sw_in1k,vit,77.799,91.784,13.985,0.6640000000000015,0.35200000000000387,0.27498525212979963,0.1575485815726566,82.314,95.986,38.73,224
vpt1_v18_depth,VPT1 v18 Depth,vit_relpos_small_patch16_224.sw_in1k,vit,77.487,91.732,14.245000000000005,0.9770000000000039,1.4849999999999994,0.4114762042532569,0.67394675028686,81.476,95.824,21.98,224
vpt1_v18_depth,VPT1 v18 Depth,vit_small_patch16_224.augreg_in1k,vit,79.636,92.266,12.63000000000001,0.8589999999999947,0.0,0.38037028742470547,0.0,78.842,94.28,22.05,224
vpt1_v18_depth,VPT1 v18 Depth,vit_small_patch16_224.augreg_in21k_ft_in1k,vit,80.703,91.55,10.846999999999994,0.9380000000000024,0.8589999999999947,0.4421774405019888,0.38037028742470547,81.402,96.15,22.05,224
vpt1_v18_depth,VPT1 v18 Depth,vit_so400m_patch14_siglip_gap_378.webli_ft_in1k,vit,77.539,93.203,15.664000000000001,0.1950000000000074,0.8979999999999961,0.08424962907930537,0.39176296688459705,89.056,98.752,414.14,378
vpt1_v18_depth,VPT1 v18 Depth,vit_srelpos_medium_patch16_224.sw_in1k,vit,79.193,90.729,11.536000000000001,0.4690000000000083,0.7419999999999902,0.19237174659728526,0.30305261736023087,82.256,95.932,38.74,224
vpt1_v18_depth,VPT1 v18 Depth,vit_srelpos_small_patch16_224.sw_in1k,vit,77.747,91.341,13.593999999999994,1.0929999999999893,1.0940000000000083,0.44774720049996053,0.4559853798825898,81.108,95.58,21.97,224
vpt1_v18_depth,VPT1 v18 Depth,vit_tiny_patch16_224.augreg_in21k_ft_in1k,vit,74.401,91.536,17.135000000000005,2.1099999999999994,0.35199999999998965,0.8645372558002727,0.1575485815726527,75.452,92.858,5.72,224
vpt1_v18_depth,VPT1 v18 Depth,vit_tiny_r_s16_p8_224.augreg_in21k_ft_in1k,vit,75.339,89.557,14.218000000000004,1.6020000000000039,1.25,0.6769940094926175,0.5116333322474859,71.8,90.81,6.34,224
vpt1_v18_depth,VPT1 v18 Depth,volo_d1_224.sail_in1k,volo,75.104,92.239,17.135000000000005,0.625,1.1329999999999956,0.28587915084680227,0.4883812263204033,84.148,96.772,26.63,224
vpt1_v18_depth,VPT1 v18 Depth,volo_d1_384.sail_in1k,volo,76.393,93.359,16.965999999999994,1.3669999999999902,1.8359999999999985,0.5581511145439578,0.7541217113673059,85.262,97.218,26.78,384
vpt1_v18_depth,VPT1 v18 Depth,volo_d2_224.sail_in1k,volo,76.914,92.995,16.081000000000003,0.820999999999998,1.0550000000000068,0.34523132341470125,0.4469727806776038,85.204,97.186,58.68,224
vpt1_v18_depth,VPT1 v18 Depth,volo_d2_384.sail_in1k,volo,77.11,94.036,16.926000000000002,0.703000000000003,0.4689999999999941,0.2922947523001795,0.21249366003613906,86.054,97.582,58.87,384
vpt1_v18_depth,VPT1 v18 Depth,volo_d3_224.sail_in1k,volo,73.581,92.799,19.218000000000004,0.9369999999999976,0.7810000000000059,0.393473703766281,0.3439227949538824,85.44,97.274,86.33,224
vpt1_v18_depth,VPT1 v18 Depth,volo_d4_224.sail_in1k,volo,77.995,93.008,15.012999999999991,0.9770000000000039,0.9379999999999882,0.3989644929898748,0.41734265165315393,85.868,97.464,192.96,224
vpt1_v18_depth,VPT1 v18 Depth,volo_d5_224.sail_in1k,volo,77.8,93.555,15.75500000000001,1.1330000000000098,1.3680000000000092,0.5087712867509585,0.5646127483112291,86.076,97.574,295.46,224
vpt1_v18_depth,VPT1 v18 Depth,wide_resnet101_2.tv_in1k,wide_resnet,77.786,90.377,12.590999999999994,0.4299999999999926,0.7809999999999917,0.17579975982792048,0.3439227949538783,78.862,94.312,126.89,224
vpt1_v18_depth,VPT1 v18 Depth,wide_resnet50_2.tv_in1k,wide_resnet,77.956,90.195,12.23899999999999,1.0549999999999926,0.6639999999999873,0.48000439812799456,0.28335176410641805,78.486,94.084,68.88,224
vpt1_v18_depth,VPT1 v18 Depth,xception65.ra3_in1k,xception65.ra3,75.781,82.135,6.353999999999999,0.5080000000000098,0.07900000000000773,0.20918466058060683,0.037240957142495146,83.186,96.596,39.92,299
vpt1_v18_depth,VPT1 v18 Depth,xcit_large_24_p16_224.fb_dist_in1k,xcit,81.537,90.833,9.295999999999992,0.9369999999999976,0.19599999999999795,0.4036717588448405,0.0805701902415249,84.936,97.128,189.1,224
vpt1_v18_depth,VPT1 v18 Depth,xcit_medium_24_p8_224.fb_in1k,xcit,77.93,93.099,15.168999999999997,0.8979999999999961,0.6640000000000015,0.36766047138932545,0.27498525212979963,83.744,96.394,84.32,224
vpt1_v18_depth,VPT1 v18 Depth,xcit_nano_12_p16_224.fb_in1k,xcit,70.885,88.646,17.760999999999996,2.227000000000004,1.054000000000002,0.9258820419230293,0.479534033087214,69.982,89.78,3.05,224
vpt1_v18_depth,VPT1 v18 Depth,xcit_nano_12_p8_224.fb_in1k,xcit,71.432,90.612,19.179999999999993,1.0150000000000006,0.625,0.4208882142432705,0.2578246604876185,73.9,92.154,3.05,224
vpt1_v18_depth,VPT1 v18 Depth,xcit_small_12_p16_224.fb_dist_in1k,xcit,77.5,89.974,12.474000000000004,1.0940000000000083,0.23400000000000887,0.47628842802095084,0.10236210236215743,83.354,96.42,26.25,224
vpt1_v18_depth,VPT1 v18 Depth,xcit_small_12_p8_224.fb_in1k,xcit,76.276,92.214,15.938000000000002,1.5630000000000024,0.6640000000000015,0.7277870567686685,0.29634364436504396,83.354,96.472,26.21,224
vpt1_v18_depth,VPT1 v18 Depth,xcit_small_24_p16_384.fb_dist_in1k,xcit,77.122,92.005,14.882999999999996,0.9759999999999991,1.25,0.4036502886850885,0.571545857011198,85.102,97.318,47.67,384
vpt1_v18_depth,VPT1 v18 Depth,xcit_small_24_p8_224.fb_in1k,xcit,76.966,92.435,15.469000000000008,0.8199999999999932,0.546999999999997,0.35553277704812847,0.22408678874241653,83.854,96.636,47.63,224
vpt1_v18_depth,VPT1 v18 Depth,xcit_tiny_12_p16_224.fb_dist_in1k,xcit,72.096,88.763,16.667,0.8980000000000103,0.5069999999999908,0.3803588948465536,0.2120235835938979,78.572,94.21,6.72,224
vpt1_v18_depth,VPT1 v18 Depth,xcit_tiny_12_p16_384.fb_dist_in1k,xcit,72.852,90.911,18.058999999999997,1.6019999999999897,0.39099999999999113,0.6592553037750623,0.16385833990235157,80.954,95.43,6.72,384
vpt1_v18_depth,VPT1 v18 Depth,xcit_tiny_12_p8_224.fb_in1k,xcit,75.404,90.768,15.364000000000004,0.5859999999999985,1.2109999999999985,0.24365321440294657,0.5376994203704023,79.71,95.058,6.71,224
vpt1_v18_depth,VPT1 v18 Depth,xcit_tiny_24_p8_224.fb_in1k,xcit,74.102,91.406,17.304000000000002,0.4689999999999941,0.820999999999998,0.19931939750616762,0.36260569340385357,81.888,95.978,12.11,224
