model,family,input_size,lp_avg,ft_avg,delta,lp_run_std,ft_run_std,lp_run_range,ft_run_range
beit3_base_patch16_224.in22k_ft_in1k,beit3,224,56.641,61.601,4.960000000000001,0.4288638737667491,0.8680631057449434,1.0150000000000006,2.1090000000000018
beit3_large_patch16_224.in22k_ft_in1k,beit3,224,57.161,61.276,4.115000000000002,0.20760432451072586,1.6847173848057306,0.5079999999999956,4.062999999999995
beit3_large_patch16_224.indomain_in22k_ft_in1k,beit3,224,55.599,62.266,6.667000000000002,0.351500592697463,3.0206981900804935,0.7820000000000036,7.187000000000005
beit_base_patch16_224.in22k_ft_in22k_in1k,beit,224,57.943,59.987,2.044000000000004,0.9115051045142618,1.0942370249021305,2.070999999999998,2.655999999999999
beit_base_patch16_384.in22k_ft_in22k_in1k,beit,384,57.682,63.008,5.3260000000000005,0.2394011046108363,1.775823251965752,0.5859999999999985,4.296999999999997
beit_large_patch16_224.in22k_ft_in22k_in1k,beit,224,57.526,61.641,4.114999999999995,0.9339992862238522,1.4854979711269272,2.2659999999999982,3.6329999999999956
beit_large_patch16_384.in22k_ft_in22k_in1k,beit,384,57.982,65.899,7.917000000000002,0.21707346426702714,2.0679678162120596,0.5079999999999956,4.999999999999993
beit_large_patch16_512.in22k_ft_in22k_in1k,beit,512,59.323,59.388,0.06499999999999773,0.7002886706367746,3.41538118907197,1.5229999999999961,8.36
beitv2_base_patch16_224.in1k_ft_in1k,beitv2,224,55.026,64.622,9.595999999999997,0.633121368038284,3.290451471893921,1.4840000000000018,7.304999999999993
beitv2_base_patch16_224.in1k_ft_in22k_in1k,beitv2,224,56.953,61.172,4.218999999999994,0.8861749262984159,0.7621637327737095,1.953000000000003,1.8359999999999985
beitv2_large_patch16_224.in1k_ft_in1k,beitv2,224,58.906,66.693,7.786999999999999,0.4717077720604382,8.077520700478996,1.054000000000002,19.649
beitv2_large_patch16_224.in1k_ft_in22k_in1k,beitv2,224,59.961,70.664,10.703000000000003,0.8438850632639474,3.163266490336985,1.9529999999999959,7.61699999999999
caformer_m36.sail_in1k,caformer,unknown,51.94,61.393,9.453000000000003,0.9162084915563713,1.643642905256493,2.1090000000000018,4.023000000000003
caformer_m36.sail_in22k_ft_in1k,caformer,unknown,58.776,60.326,1.5499999999999972,1.2543502966343447,1.337727010849207,2.9299999999999997,3.085000000000001
caformer_s18.sail_in1k,caformer,unknown,54.375,55.651,1.2760000000000034,0.674922876252456,0.40401567626351803,1.5619999999999976,0.9770000000000039
caformer_s18.sail_in22k_ft_in1k,caformer,unknown,57.253,56.472,-0.7809999999999988,0.5116333322474864,0.8475381341797484,1.25,2.0700000000000003
caformer_s36.sail_in1k,caformer,unknown,53.568,58.88,5.312000000000005,1.1197250654612605,1.271935358245675,2.5,3.0859999999999985
caformer_s36.sail_in22k_ft_in1k,caformer,unknown,59.258,60.547,1.2889999999999944,0.6511796133854981,1.271080118114773,1.5229999999999961,2.7349999999999994
cait_m36_384.fb_dist_in1k,cait,384,56.094,66.536,10.442,0.4978797266632005,1.9193391802620183,1.0930000000000035,4.218999999999994
cait_s24_224.fb_dist_in1k,cait,224,56.289,60.169,3.8799999999999955,0.8566520102507585,0.5106414267043624,2.070999999999998,1.25
cait_s36_384.fb_dist_in1k,cait,384,54.636,64.063,9.427,1.8988562054270695,2.173405520273554,4.4140000000000015,4.922000000000004
cait_xxs24_224.fb_dist_in1k,cait,224,54.961,57.747,2.7860000000000014,1.0856853442257863,0.8866545111948736,2.6169999999999973,2.070999999999998
cait_xxs36_224.fb_dist_in1k,cait,224,53.997,57.917,3.9200000000000017,0.6103869446688898,1.514399404237718,1.4450000000000003,3.5549999999999997
coat_lite_medium.in1k,coat,unknown,55.078,57.747,2.668999999999997,1.0188738881726251,0.7393530204772878,2.382000000000005,1.6409999999999982
coat_lite_mini.in1k,coat,unknown,55.846,55.833,-0.012999999999998124,0.6995395310885267,0.8157909590629743,1.6400000000000006,1.9919999999999973
coat_lite_small.in1k,coat,unknown,52.461,55.156,2.6950000000000003,0.6752314829416306,0.45237914285352343,1.5629999999999953,1.0549999999999997
coat_lite_tiny.in1k,coat,unknown,55.13,54.492,-0.6380000000000052,0.3209821732675431,1.946492914620206,0.7809999999999988,4.765999999999998
coat_mini.in1k,coat,unknown,53.386,56.888,3.5019999999999953,0.8629813954477177,0.9547575608498745,2.0700000000000003,2.1480000000000032
coat_small.in1k,coat,unknown,54.896,57.695,2.7989999999999995,0.5903729518043855,1.1378369342260302,1.2899999999999991,2.7340000000000018
coat_tiny.in1k,coat,unknown,53.633,56.159,2.5259999999999962,0.8680481297460171,0.6006187550259237,1.9920000000000044,1.3290000000000006
coatnet_0_rw_224.sw_in1k,coatnet,224,54.57,56.823,2.253,0.30423711512933865,0.6613808786672519,0.6640000000000015,1.600999999999999
coatnet_1_rw_224.sw_in1k,coatnet,224,57.005,56.302,-0.703000000000003,0.5573277511682184,1.8202641444459537,1.328000000000003,4.453000000000003
coatnet_bn_0_rw_224.sw_in1k,coatnet,224,54.362,55.99,1.6280000000000001,0.5926872887300879,1.235473548437558,1.328000000000003,2.969000000000001
coatnet_nano_rw_224.sw_in1k,coatnet,224,54.089,55.794,1.7049999999999983,1.651822091577121,0.5938492139330414,3.6329999999999956,1.446000000000005
coatnet_rmlp_1_rw2_224.sw_in12k_ft_in1k,coatnet,224,57.305,56.576,-0.7289999999999992,0.5845895046003545,1.0618142754528954,1.4059999999999988,2.5390000000000015
coatnet_rmlp_1_rw_224.sw_in1k,coatnet,224,54.714,57.253,2.5390000000000015,0.7722906764223465,0.48316272851102965,1.7579999999999956,1.0940000000000012
coatnet_rmlp_2_rw_224.sw_in1k,coatnet,224,56.172,52.826,-3.3459999999999965,0.2491750834698809,0.8007148195345358,0.546999999999997,1.953000000000003
coatnet_rmlp_nano_rw_224.sw_in1k,coatnet,224,53.424,54.609,1.1850000000000023,0.9735441552504057,0.25515529040610196,2.382000000000005,0.625
convformer_s18.sail_in1k_384,convformer,384,56.628,61.042,4.4140000000000015,1.1343207463304004,1.8732845189369607,2.774000000000001,4.218999999999994
convit_base.fb_in1k,convit,unknown,55.417,58.932,3.5150000000000006,0.27490644873403014,0.08013738203859666,0.6640000000000015,0.19500000000000028
convit_small.fb_in1k,convit,unknown,53.451,58.242,4.790999999999997,0.7132135413433761,1.077041317684703,1.6010000000000062,2.304000000000002
convit_tiny.fb_in1k,convit,unknown,53.776,53.125,-0.6510000000000034,1.0586585851916581,0.5641743229416464,2.2650000000000006,1.3669999999999973
convmixer_1536_20.in1k,convmixer,unknown,55.417,54.18,-1.2370000000000019,0.21237126819689198,0.19416545063996854,0.5080000000000027,0.4299999999999997
convnext_base.clip_laion2b_augreg_ft_in12k_in1k_384,convnext,384,59.505,63.216,3.7109999999999985,1.025483734092789,5.988355719412653,2.344000000000001,14.102000000000004
convnext_base.dinov3_lvd1689m,convnext,unknown,54.974,57.539,2.565000000000005,0.8479272767558932,1.3743837406876833,2.070999999999998,3.1640000000000015
convnext_base.fb_in22k_ft_in1k,convnext,unknown,55.338,57.747,2.408999999999999,0.4111385276143442,0.3193580366227775,0.9760000000000062,0.7809999999999988
convnext_base.fb_in22k_ft_in1k_384,convnext,384,57.252,59.713,2.4609999999999985,0.6037197657486112,2.492194526026321,1.3670000000000044,5.859000000000002
convnext_large.dinov3_lvd1689m,convnext,unknown,56.224,58.307,2.0830000000000055,0.6170382664164545,1.5663582675180725,1.328000000000003,3.397999999999996
convnext_large.fb_in22k_ft_in1k,convnext,unknown,55.768,60.911,5.143000000000001,0.49855858900100103,2.1508860706436534,1.2110000000000056,4.8430000000000035
convnext_large.fb_in22k_ft_in1k_384,convnext,384,58.008,63.359,5.350999999999999,0.749764555636558,2.63130474606547,1.678999999999995,6.445
convnext_large_mlp.clip_laion2b_augreg_ft_in1k,convnext,unknown,59.284,59.427,0.14300000000000068,0.3530136918968815,1.4604768627632114,0.8599999999999994,3.4370000000000047
convnext_large_mlp.clip_laion2b_soup_ft_in12k_in1k_384,convnext,384,60.377,62.149,1.7719999999999985,0.2963290213409543,1.149737457953866,0.7029999999999959,2.8129999999999953
convnext_nano.in12k_ft_in1k,convnext,unknown,53.841,57.331,3.490000000000002,0.737493050814719,0.6299306840174307,1.6020000000000039,1.5230000000000032
convnext_small.dinov3_lvd1689m,convnext,unknown,57.838,58.177,0.33899999999999864,0.6584326507362439,0.8535144339077626,1.4840000000000018,2.0700000000000003
convnext_small.fb_in1k,convnext,unknown,55.247,58.607,3.3599999999999994,0.6300065255393948,1.2599371236516377,1.5229999999999961,3.0460000000000065
convnext_small.fb_in22k_ft_in1k,convnext,unknown,55.521,58.945,3.4239999999999995,0.5063031590745709,1.973289695463447,1.0930000000000035,4.765000000000001
convnext_small.in12k_ft_in1k_384,convnext,384,56.953,61.029,4.0760000000000005,0.19886176103011965,4.163507922680373,0.4680000000000035,8.984000000000002
convnext_tiny.fb_in22k_ft_in1k,convnext,unknown,56.732,58.971,2.238999999999997,1.1189936947493888,0.893586158253487,2.7349999999999994,2.1870000000000047
convnext_xlarge.fb_in22k_ft_in1k_384,convnext,384,59.895,63.893,3.9979999999999976,0.5892556509887896,0.8781333738232617,1.25,2.1480000000000032
convnext_xxlarge.clip_laion2b_soup_ft_in1k,convnext,unknown,60.208,57.201,-3.006999999999998,0.5672461742684745,1.1507696941129841,1.3669999999999973,2.8130000000000024
convnextv2_atto.fcmae_ft_in1k,convnextv2,unknown,53.06,57.591,4.530999999999999,1.3540194484078403,0.9882115158203755,3.2420000000000044,2.1870000000000047
convnextv2_base.fcmae_ft_in22k_in1k,convnextv2,unknown,56.927,61.758,4.831000000000003,0.6536701512740705,0.19146859330506738,1.600999999999999,0.4689999999999941
convnextv2_base.fcmae_ft_in22k_in1k_384,convnextv2,384,57.93,62.396,4.466000000000001,0.6084742302586773,1.6055562552862737,1.328000000000003,3.827999999999996
convnextv2_large.fcmae_ft_in1k,convnextv2,unknown,55.976,60.833,4.856999999999999,0.26109810842329406,0.11225665038453173,0.625,0.2739999999999938
convnextv2_large.fcmae_ft_in22k_in1k,convnextv2,unknown,58.008,60.235,2.2269999999999968,0.1776632269835885,1.2990612850139995,0.4299999999999997,3.1640000000000015
convnextv2_large.fcmae_ft_in22k_in1k_384,convnextv2,384,57.982,61.028,3.0459999999999994,0.7663368855942028,1.026800965242155,1.875,2.4609999999999985
convnextv2_nano.fcmae_ft_in22k_in1k,convnextv2,unknown,55.078,57.5,2.421999999999997,0.6661212769125111,0.7740617259337625,1.4849999999999994,1.8359999999999985
convnextv2_tiny.fcmae_ft_in22k_in1k,convnextv2,unknown,55.43,59.714,4.283999999999999,0.4467402924394534,0.9231165810569218,1.0159999999999982,2.0319999999999965
crossvit_15_240.in1k,crossvit,240,53.789,57.813,4.024000000000001,1.203682959365409,2.039132549775898,2.929000000000002,4.844000000000001
crossvit_18_240.in1k,crossvit,240,52.565,59.505,6.940000000000005,0.3409617117637812,0.24779740829063426,0.7419999999999973,0.5859999999999985
crossvit_9_240.in1k,crossvit,240,54.245,56.706,2.4610000000000056,0.8318082043890231,0.3806897249291929,1.9140000000000015,0.8989999999999938
crossvit_tiny_240.in1k,crossvit,240,53.125,57.5,4.375,0.7621637327737095,0.6588009309849748,1.8359999999999985,1.5620000000000047
davit_base.msft_in1k,davit,unknown,53.359,59.206,5.847000000000001,1.8036715024884367,0.7713301642112972,4.023000000000003,1.7960000000000065
davit_small.msft_in1k,davit,unknown,54.713,58.425,3.711999999999996,0.7177744925965414,1.0579793108668163,1.6799999999999997,2.5390000000000015
davit_tiny.msft_in1k,davit,unknown,55.443,56.536,1.0930000000000035,0.16375252330540987,0.40618660189075206,0.39099999999999824,0.8980000000000032
deit3_base_patch16_224.fb_in1k,deit3,224,56.081,58.789,2.7079999999999984,0.7078042730083577,1.265904683089001,1.6799999999999997,2.9299999999999997
deit3_base_patch16_224.fb_in22k_ft_in1k,deit3,224,56.862,60.351,3.488999999999997,0.5744123567225522,1.2943593868096357,1.2890000000000015,3.1639999999999944
deit3_huge_patch14_224.fb_in1k,deit3,224,53.945,57.982,4.036999999999999,0.8086900243947365,1.7876869599196241,1.8360000000000056,4.219000000000001
deit3_large_patch16_224.fb_in1k,deit3,224,57.213,59.792,2.5790000000000006,0.35836139425011904,0.5002414972346437,0.8590000000000018,1.1710000000000065
deit3_medium_patch16_224.fb_in1k,deit3,224,53.802,58.62,4.817999999999998,1.5150372932703664,1.236406351757651,3.7109999999999985,2.8909999999999982
deit3_medium_patch16_224.fb_in22k_ft_in1k,deit3,224,55.859,57.617,1.7579999999999956,0.9125401665436733,1.6095403760770413,2.225999999999999,3.75
deit3_small_patch16_224.fb_in1k,deit3,224,55.885,58.49,2.605000000000004,0.6556433651172139,1.1208045721216942,1.6020000000000039,2.696000000000005
deit3_small_patch16_224.fb_in22k_ft_in1k,deit3,224,55.599,58.138,2.5390000000000015,0.6630366170548628,1.157377495317181,1.5230000000000032,2.8120000000000047
deit_base_distilled_patch16_224.fb_in1k,deit,224,54.726,56.511,1.7850000000000037,0.27624304918354387,0.6335873174937209,0.5859999999999985,1.524000000000001
deit_base_patch16_224.fb_in1k,deit,224,54.31,58.359,4.0489999999999995,0.15048587973627536,2.6474901741502688,0.3510000000000062,6.484999999999999
deit_base_patch16_384.fb_in1k,deit,384,55.794,57.474,1.6799999999999997,0.6721370561293442,1.5729675422235803,1.600999999999999,3.7890000000000015
deit_small_distilled_patch16_224.fb_in1k,deit,224,53.425,57.24,3.815000000000005,1.0058102317148199,0.7191858050755866,2.421999999999997,1.7579999999999956
deit_small_patch16_224.fb_in1k,deit,224,53.45,55.261,1.811,1.0551001005697167,1.1330702635857235,2.4610000000000056,2.6169999999999973
deit_tiny_distilled_patch16_224.fb_in1k,deit,224,54.102,56.38,2.278000000000006,0.6908571165990514,1.522233957781201,1.6799999999999997,3.4379999999999953
deit_tiny_patch16_224.fb_in1k,deit,224,52.851,56.614,3.762999999999998,1.2233626699479694,0.3722520054419537,2.969000000000001,0.8980000000000032
densenet121.ra_in1k,densenet121.ra,unknown,54.271,57.643,3.372,1.6741357969611268,0.43548210831980994,4.024000000000001,1.0549999999999997
densenet121.tv_in1k,densenet121.tv,unknown,54.336,59.18,4.844000000000001,0.37622422392327015,1.5481234518675266,0.8990000000000009,3.672000000000004
densenet161.tv_in1k,densenet161.tv,unknown,52.07,60.625,8.555,0.3188420019731119,0.9395775646533947,0.7809999999999988,2.031000000000006
densenet169.tv_in1k,densenet169.tv,unknown,53.62,60.13,6.510000000000005,0.4872172684405444,0.8258377564630967,1.171999999999997,1.9140000000000015
densenet201.tv_in1k,densenet201.tv,unknown,54.154,59.024,4.869999999999997,0.48408539191620775,0.5133331168830714,1.1720000000000041,1.25
densenetblur121d.ra_in1k,densenetblur121d.ra,unknown,53.633,55.899,2.2659999999999982,0.3680498154688639,0.3075519829593386,0.8989999999999938,0.7029999999999959
dla102.in1k,dla102.in1k,unknown,52.891,56.758,3.8670000000000044,0.5269541409521965,1.0025261426350258,1.2890000000000015,2.421999999999997
dla169.in1k,dla169.in1k,unknown,53.893,59.896,6.003,0.6758081581829765,0.47346875996908716,1.6400000000000006,1.1329999999999956
dla34.in1k,dla34.in1k,unknown,53.815,55.495,1.6799999999999997,0.10236210236215411,0.9410572069043766,0.23400000000000176,2.3049999999999997
dla46_c.in1k,dla46,unknown,54.466,54.974,0.5079999999999956,0.52823542731122,0.736099178100342,1.2890000000000015,1.6799999999999997
dla46x_c.in1k,dla46x,unknown,53.138,54.531,1.3930000000000007,0.759047356156971,1.4641667330677277,1.8359999999999985,3.5549999999999997
dla60.in1k,dla60.in1k,unknown,54.271,57.109,2.838000000000001,0.3698819631540132,0.6592553037750679,0.8990000000000009,1.5630000000000024
dla60x_c.in1k,dla60x,unknown,54.375,53.776,-0.5989999999999966,1.7245418715318765,1.8992347581767421,4.024000000000001,4.609000000000002
dpn107.mx_in1k,dpn107.mx,unknown,55.964,62.813,6.849000000000004,0.5350497380825671,1.0281084032770496,1.1720000000000041,2.3049999999999926
dpn131.mx_in1k,dpn131.mx,unknown,55.143,62.266,7.1229999999999976,0.49652056016510127,1.058278266283916,1.2109999999999985,2.578000000000003
dpn68.mx_in1k,dpn68.mx,unknown,54.049,60.768,6.719000000000001,0.685915608673707,0.4036717588448449,1.6799999999999997,0.9370000000000047
dpn68b.mx_in1k,dpn68b.mx,unknown,51.55,60.013,8.463000000000001,0.257824660487618,0.46699964311192765,0.625,1.1330000000000027
dpn92.mx_in1k,dpn92.mx,unknown,55.195,61.146,5.9510000000000005,1.9115027828619258,1.2114993465399244,4.219000000000001,2.695999999999998
dpn98.mx_in1k,dpn98.mx,unknown,54.701,61.172,6.4709999999999965,0.3960642484356412,0.5748570836883453,0.8590000000000018,1.3670000000000044
eca_nfnet_l0.ra2_in1k,eca,unknown,54.492,56.185,1.693000000000005,0.553261842771276,1.017073252032517,1.328000000000003,2.2650000000000006
eca_nfnet_l1.ra2_in1k,eca,unknown,53.672,57.461,3.7890000000000015,0.6151039659186793,1.1458406908854677,1.4059999999999988,2.6169999999999973
ecaresnet50t.a2_in1k,ecaresnet50t.a2,unknown,53.307,53.555,0.24799999999999756,0.25775742256798134,0.38645080181340236,0.625,0.9369999999999976
edgenext_xx_small.in1k,edgenext,unknown,52.344,54.739,2.394999999999996,0.16896219169453797,1.9643744268567735,0.39099999999999824,4.648999999999994
efficientformer_l1.snap_dist_in1k,efficientformer,unknown,52.526,54.766,2.239999999999995,1.1968960782884301,1.1811046618408623,2.5390000000000015,2.8129999999999953
efficientformer_l3.snap_dist_in1k,efficientformer,unknown,55.937,54.961,-0.9759999999999991,0.5425620292238968,0.6588009309849748,1.3289999999999935,1.5620000000000047
efficientformer_l7.snap_dist_in1k,efficientformer,unknown,55.195,56.536,1.341000000000001,0.7734064620596051,0.7134934399760731,1.875,1.6020000000000039
efficientformerv2_l.snap_dist_in1k,efficientformerv2,unknown,52.995,54.414,1.419000000000004,0.7709934428313182,0.4633666654677132,1.875,1.1330000000000027
efficientformerv2_s0.snap_dist_in1k,efficientformerv2,unknown,55.651,54.388,-1.2630000000000052,0.7518940528203869,0.8920526890268308,1.8350000000000009,2.0700000000000003
efficientformerv2_s1.snap_dist_in1k,efficientformerv2,unknown,51.706,54.284,2.577999999999996,1.2353084185291097,1.4284917453967545,2.6950000000000003,3.3200000000000003
efficientformerv2_s2.snap_dist_in1k,efficientformerv2,unknown,51.211,55.026,3.815000000000005,0.7742299400049065,0.3960642484356412,1.6799999999999997,0.8590000000000018
efficientnet_b0.ra_in1k,efficientnet,unknown,54.87,54.557,-0.3129999999999953,0.5310825422348839,1.3815066654441701,1.25,3.2420000000000044
efficientnet_b1.ft_in1k,efficientnet,unknown,55.208,53.06,-2.147999999999996,0.38037028742470674,0.7174660657867765,0.8589999999999947,1.6400000000000006
efficientnet_b1.ra4_e3600_r240_in1k,efficientnet,240,53.972,53.594,-0.3780000000000001,0.3225981332177176,1.0541553754336008,0.703000000000003,2.344000000000001
efficientnet_b2.ra_in1k,efficientnet,unknown,56.823,51.641,-5.182000000000002,0.3803702874247088,0.9581281519481402,0.8590000000000018,2.3430000000000035
efficientnet_b3.ra2_in1k,efficientnet,unknown,55.898,54.089,-1.8090000000000046,0.7039613310087083,0.35263232346957923,1.718999999999994,0.8589999999999947
efficientnet_b4.ra2_in1k,efficientnet,unknown,54.909,51.836,-3.0730000000000004,0.26752486904128336,0.41478026311128413,0.5859999999999985,1.0159999999999982
efficientnet_es.ra_in1k,efficientnet,unknown,54.687,53.151,-1.5359999999999943,0.3865517070486461,1.1233415429967044,0.8200000000000003,2.5389999999999944
efficientnet_es_pruned.in1k,efficientnet,unknown,54.388,53.581,-0.806999999999995,1.055030173344189,0.6335873174937209,2.578000000000003,1.524000000000001
efficientnet_lite0.ra_in1k,efficientnet,unknown,53.698,54.688,0.990000000000002,0.8479272767558962,0.8199289942156923,2.071000000000005,1.9140000000000015
efficientvit_b2.r256_in1k,efficientvit,256,54.037,56.979,2.942,0.34392279495388034,0.42124893669499774,0.7809999999999988,1.0159999999999982
efficientvit_b2.r288_in1k,efficientvit,288,53.398,56.471,3.0729999999999933,0.33591698709982254,0.28760196259568177,0.8200000000000003,0.7029999999999959
efficientvit_b3.r256_in1k,efficientvit,256,54.258,55.859,1.600999999999999,0.20918466058060153,0.40699658748228107,0.5079999999999956,0.9759999999999991
efficientvit_m1.r224_in1k,efficientvit,224,53.594,53.372,-0.2220000000000013,0.7245643902066637,1.2806847994551829,1.6409999999999982,3.0860000000000056
eva02_base_patch14_448.mim_in22k_ft_in1k,eva02,448,57.175,60.26,3.085000000000001,0.7287085989764531,1.8050079101088605,1.6010000000000062,3.8290000000000006
eva02_base_patch14_448.mim_in22k_ft_in22k_in1k,eva02,448,59.297,67.279,7.981999999999999,0.669643852274394,2.5038047492211133,1.5230000000000032,6.131999999999991
eva02_large_patch14_448.mim_in22k_ft_in1k,eva02,448,58.411,55.586,-2.825000000000003,0.1638583399023565,3.787162878285891,0.39100000000000534,8.204
eva02_large_patch14_448.mim_in22k_ft_in22k_in1k,eva02,448,58.425,65.612,7.186999999999998,0.3030669159699829,10.359979536659324,0.7420000000000044,22.733999999999995
eva02_large_patch14_448.mim_m38m_ft_in1k,eva02,448,58.555,60.443,1.8879999999999981,0.48163540844363356,5.6185698259333625,1.171999999999997,12.108999999999995
eva02_large_patch14_448.mim_m38m_ft_in22k_in1k,eva02,448,59.271,66.484,7.212999999999994,0.5358588122506407,7.395523285519872,1.2890000000000015,17.538999999999994
eva02_small_patch14_336.mim_in22k_ft_in1k,eva02,336,56.836,63.672,6.8359999999999985,0.566840953589863,1.2806579038395345,1.3279999999999959,2.8910000000000053
eva_large_patch14_196.in22k_ft_in1k,eva,196,56.706,62.643,5.936999999999998,0.5672920078956013,4.431206231565697,1.2890000000000015,9.883000000000003
eva_large_patch14_196.in22k_ft_in22k_in1k,eva,196,57.409,62.031,4.622,0.10236210236215411,2.466937958054252,0.23400000000000176,5.780999999999999
eva_large_patch14_336.in22k_ft_in1k,eva,336,57.292,69.076,11.783999999999992,0.257824660487618,6.304071188966349,0.625,15.390000000000008
eva_large_patch14_336.in22k_ft_in22k_in1k,eva,336,58.802,64.375,5.573,0.768516753233136,5.674535223258374,1.7190000000000012,13.514999999999993
fasternet_t2.in1k,fasternet,unknown,55.364,59.141,3.777000000000001,0.3776950563027753,0.7831944557742705,0.8200000000000003,1.875
fastvit_sa36.apple_dist_in1k,fastvit,unknown,54.609,54.505,-0.1039999999999992,0.596128807855781,0.2962120111601764,1.445999999999998,0.703000000000003
fastvit_t8.apple_dist_in1k,fastvit,unknown,53.685,55.703,2.0180000000000007,0.23940110461083644,0.4633666654677132,0.5859999999999985,1.1330000000000027
focalnet_base_lrf.ms_in1k,focalnet,unknown,53.151,57.917,4.765999999999998,0.9576401551035034,1.5681031712089488,2.343999999999994,3.672000000000004
focalnet_base_srf.ms_in1k,focalnet,unknown,54.479,57.656,3.1769999999999996,0.26731421378013254,2.3001075820250003,0.5860000000000056,5.469000000000001
focalnet_small_lrf.ms_in1k,focalnet,unknown,54.088,58.737,4.649000000000001,1.7389349869644042,1.0307519369642522,4.258000000000003,2.3830000000000027
focalnet_small_srf.ms_in1k,focalnet,unknown,52.969,59.128,6.158999999999999,1.002604053896096,1.5645259843018138,2.421999999999997,3.828000000000003
focalnet_tiny_lrf.ms_in1k,focalnet,unknown,55.117,57.37,2.253,0.4759876282239073,1.2973390715871738,1.0929999999999964,3.047000000000004
focalnet_tiny_srf.ms_in1k,focalnet,unknown,55.182,57.839,2.6569999999999965,0.5397347084962693,0.9915433536775987,1.2889999999999944,2.421999999999997
ghostnet_100.in1k,ghostnet,unknown,56.823,54.752,-2.070999999999998,0.6705361039248126,0.39861621754375204,1.6400000000000006,0.8979999999999961
ghostnetv2_100.in1k,ghostnetv2,unknown,53.268,56.641,3.3729999999999976,0.30963024543621404,0.292205787455042,0.7420000000000044,0.7029999999999959
ghostnetv2_130.in1k,ghostnetv2,unknown,54.206,56.12,1.9139999999999944,1.0057498032148282,0.5152451412245993,2.4609999999999985,1.0930000000000035
hardcorenas_b.miil_green_in1k,hardcorenas,unknown,53.659,53.959,0.30000000000000426,0.27490644873403014,1.1417417493558772,0.6640000000000015,2.421999999999997
hardcorenas_f.miil_green_in1k,hardcorenas,unknown,54.466,53.398,-1.0679999999999978,0.33529787751590084,0.3758779352691791,0.8210000000000051,0.8979999999999961
hgnet_small.ssld_in1k,hgnet,unknown,54.466,58.997,4.530999999999999,0.42855130640592376,1.3111608935934924,0.9770000000000039,2.8909999999999982
hgnetv2_b0.ssld_stage1_in22k_in1k,hgnetv2,unknown,53.685,56.471,2.7859999999999943,0.6765387399600012,0.9997387436503385,1.600999999999999,2.3830000000000027
hrnet_w18.ms_aug_in1k,hrnet,unknown,56.589,58.138,1.5489999999999995,1.3583966856391987,0.3100784846884209,3.203000000000003,0.7430000000000021
hrnet_w18.ms_in1k,hrnet,unknown,55.898,58.438,2.539999999999999,0.7740113407150797,0.24917508346988276,1.6799999999999997,0.5470000000000041
hrnet_w18_small.ms_in1k,hrnet,unknown,56.432,58.334,1.902000000000001,0.12102433180517227,0.7373223326484968,0.2739999999999938,1.796999999999997
hrnet_w18_small_v2.ms_in1k,hrnet,unknown,55.065,58.164,3.0990000000000038,0.3726132937331501,0.3553993059456734,0.8990000000000009,0.8599999999999994
hrnet_w30.ms_in1k,hrnet,unknown,56.055,59.713,3.6580000000000013,0.4288638737667491,0.5435269593640737,1.0150000000000006,1.171999999999997
hrnet_w32.ms_in1k,hrnet,unknown,55.26,59.896,4.636000000000003,1.1823621366663521,0.5083019662453495,2.6950000000000003,1.131999999999998
hrnet_w40.ms_in1k,hrnet,unknown,56.341,60.443,4.101999999999997,1.3892014492746056,1.235946420989016,3.280999999999999,2.8900000000000006
hrnet_w44.ms_in1k,hrnet,unknown,55.534,60.286,4.7520000000000024,0.4040156762635154,0.32259813321771424,0.9769999999999968,0.7029999999999959
hrnet_w48.ms_in1k,hrnet,unknown,56.966,59.883,2.9170000000000016,1.3090105678208521,0.9585900525714242,2.852000000000004,2.2269999999999968
inception_v3.tf_in1k,inception,unknown,55.716,57.383,1.6670000000000016,0.5489213665605185,1.080332150570162,1.25,2.3829999999999956
inception_v3.tv_in1k,inception,unknown,55.208,58.151,2.943000000000005,0.5786887476585887,0.9431822022635213,1.4059999999999988,2.2659999999999982
lcnet_100.ra2_in1k,lcnet,unknown,55.13,53.594,-1.5360000000000014,0.24158136425551585,0.6589194858925385,0.5470000000000041,1.5619999999999976
legacy_seresnet18.in1k,legacy,unknown,52.747,57.813,5.0660000000000025,0.3225981332177176,0.16896219169453797,0.703000000000003,0.39099999999999824
legacy_seresnet34.in1k,legacy,unknown,55.247,58.724,3.4769999999999968,0.46662785552896163,0.4883989716978887,1.132000000000005,1.0549999999999997
levit_128.fb_dist_in1k,levit,unknown,53.424,52.942,-0.4819999999999993,0.2963290213409575,0.7709934428313182,0.703000000000003,1.875
levit_128s.fb_dist_in1k,levit,unknown,54.284,52.968,-1.3159999999999954,2.1736629606879414,1.2745933556323867,4.844000000000001,3.0860000000000056
levit_192.fb_dist_in1k,levit,unknown,52.669,53.281,0.6120000000000019,0.6506337081816652,0.38786108624380394,1.5620000000000047,0.8590000000000018
levit_256.fb_dist_in1k,levit,256,54.57,54.531,-0.03900000000000148,0.7122407520557146,0.4826599907457296,1.679000000000002,1.1330000000000027
levit_384.fb_dist_in1k,levit,384,55.469,53.19,-2.2790000000000035,0.35495946560448394,0.8293613339324551,0.8589999999999947,2.030999999999999
maxvit_base_tf_224.in1k,maxvit,224,54.584,59.362,4.777999999999999,0.32726577714281235,1.1997135769285376,0.7809999999999988,2.774000000000001
maxvit_base_tf_384.in21k_ft_in1k,maxvit,384,59.153,59.323,0.1700000000000017,0.7840515856044727,1.5028263003051574,1.8359999999999985,3.280999999999999
maxvit_large_tf_224.in1k,maxvit,224,55.052,61.745,6.692999999999998,0.17537958832201653,0.3209821732675431,0.39000000000000057,0.7809999999999988
maxvit_large_tf_384.in1k,maxvit,384,56.211,63.268,7.057000000000002,0.6058404630483735,2.4858954568167606,1.4840000000000018,6.053999999999995
maxvit_large_tf_384.in21k_ft_in1k,maxvit,384,59.766,62.76,2.9939999999999998,0.5533560236311611,1.628541337789403,1.328000000000003,3.9850000000000065
maxvit_large_tf_512.in21k_ft_in1k,maxvit,512,58.581,65.937,7.3559999999999945,0.08013738203859704,1.7049211777153304,0.19500000000000028,4.141000000000005
maxvit_rmlp_base_rw_224.sw_in12k_ft_in1k,maxvit,224,56.601,56.589,-0.012000000000000455,0.28348936879929176,0.4397789848953173,0.6639999999999944,1.0150000000000006
maxvit_rmlp_small_rw_224.sw_in1k,maxvit,224,54.583,53.893,-0.6899999999999977,0.18431916762929257,0.5581511145439606,0.39099999999999824,1.3669999999999973
maxvit_rmlp_tiny_rw_256.sw_in1k,maxvit,256,53.776,54.974,1.1979999999999933,1.5103191715660622,1.4694784411106168,3.671999999999997,3.5549999999999997
maxvit_small_tf_224.in1k,maxvit,224,52.708,58.815,6.106999999999999,0.5425773882334408,1.2779072301575294,1.25,3.125
maxvit_tiny_rw_224.sw_in1k,maxvit,224,52.5,53.841,1.341000000000001,1.1121020137059765,0.6090442421441079,2.5,1.4070000000000036
maxvit_tiny_tf_224.in1k,maxvit,224,53.971,57.93,3.959000000000003,0.8132799162786577,0.5449519856525602,1.9919999999999973,1.328000000000003
maxvit_tiny_tf_512.in1k,maxvit,512,56.028,62.018,5.990000000000002,0.5926872887300879,0.18152379703192814,1.328000000000003,0.4299999999999997
maxxvitv2_rmlp_base_rw_384.sw_in12k_ft_in1k,maxxvitv2,384,57.201,58.32,1.1189999999999998,0.4873064288058944,3.0428068547897604,1.171999999999997,7.225999999999999
mixer_b16_224.goog_in21k_ft_in1k,mixer,224,52.656,57.083,4.427,0.2780723327161872,1.475687485735227,0.625,3.5549999999999997
mixnet_l.ft_in1k,mixnet,unknown,56.654,52.721,-3.933000000000007,0.8392818358573,0.771645140088515,1.8359999999999985,1.7970000000000041
mixnet_m.ft_in1k,mixnet,unknown,56.185,53.333,-2.852000000000004,0.8196914053471596,1.1167990966249128,1.7580000000000027,2.4609999999999985
mixnet_s.ft_in1k,mixnet,unknown,55.274,52.904,-2.3699999999999974,0.4983501669397603,0.39392582494113804,1.093999999999994,0.9380000000000024
mixnet_xl.ra_in1k,mixnet,unknown,53.529,52.24,-1.2890000000000015,0.4985585890009979,1.0307519369642488,1.2109999999999985,2.3829999999999956
mnasnet_100.rmsp_in1k,mnasnet,unknown,55.495,54.036,-1.458999999999996,0.5127418670463928,1.4774043304239886,1.171999999999997,3.5159999999999982
mnasnet_small.lamb_in1k,mnasnet,unknown,54.909,53.997,-0.911999999999999,0.38337796841585087,0.0805701902415241,0.9379999999999953,0.19599999999999795
mobilenetv2_050.lamb_in1k,mobilenetv2,unknown,56.289,52.019,-4.270000000000003,0.4220197467733775,0.7905079941967004,0.9769999999999968,1.9140000000000015
mobilenetv2_100.ra_in1k,mobilenetv2,unknown,55.247,53.542,-1.7049999999999983,0.7943140996412481,0.717762418136313,1.7579999999999956,1.6409999999999982
mobilenetv2_110d.ra_in1k,mobilenetv2,unknown,54.609,54.531,-0.07800000000000296,0.39818114247440345,0.3883309012799371,0.9369999999999976,0.8599999999999994
mobilenetv2_120d.ra_in1k,mobilenetv2,unknown,55.651,55.0,-0.6510000000000034,0.8932177785960156,0.35932745820800277,1.9140000000000015,0.7810000000000059
mobilenetv2_140.ra_in1k,mobilenetv2,unknown,56.953,53.828,-3.125,0.2491750834698809,0.41843119705235426,0.546999999999997,1.0159999999999982
mobilenetv3_large_100.miil_in21k_ft_in1k,mobilenetv3,unknown,56.302,54.049,-2.253,0.6331419008932107,0.9687794153240226,1.5230000000000032,2.3049999999999997
mobilenetv3_large_100.ra_in1k,mobilenetv3,unknown,55.873,53.125,-2.7479999999999976,1.2143322810865607,0.6588009309849748,2.969000000000001,1.5620000000000047
mobilenetv3_rw.rmsp_in1k,mobilenetv3,unknown,54.974,54.284,-0.6899999999999977,0.21202358359390036,0.6613808786672519,0.5069999999999979,1.600999999999999
mobilenetv3_small_100.lamb_in1k,mobilenetv3,unknown,54.922,54.245,-0.6769999999999996,0.27249994903159613,0.5490794316146091,0.6640000000000015,1.2890000000000015
mobilenetv4_conv_medium.e250_r384_in12k_ft_in1k,mobilenetv4,384,56.667,55.833,-0.8340000000000032,0.3257261972202365,0.04864154602806308,0.7420000000000044,0.11700000000000443
mobilenetv4_conv_small_050.e3000_r224_in1k,mobilenetv4,224,55.339,54.063,-1.2759999999999962,0.7002886706367764,0.7541044725736302,1.5230000000000032,1.718999999999994
mobileone_s2.apple_in1k,mobileone,unknown,54.232,58.346,4.113999999999997,0.5358588122506407,0.04864154602806308,1.2890000000000015,0.11700000000000443
mobileone_s4.apple_in1k,mobileone,unknown,55.742,56.12,0.3780000000000001,0.41843119705235426,0.4872172684405444,1.0159999999999982,1.171999999999997
mobilevit_xs.cvnets_in1k,mobilevit,unknown,55.26,56.185,0.9250000000000043,1.6834997937497795,1.372115236495179,3.827999999999996,2.9299999999999997
mobilevit_xxs.cvnets_in1k,mobilevit,unknown,54.974,54.297,-0.6769999999999996,0.9912850246019043,1.3406074079394865,2.225999999999999,3.281000000000006
mobilevitv2_050.cvnets_in1k,mobilevitv2,unknown,52.982,53.125,0.14300000000000068,0.7509661924628973,1.2722863933355026,1.8359999999999985,2.773999999999994
mobilevitv2_200.cvnets_in1k,mobilevitv2,unknown,53.464,55.937,2.472999999999999,0.39856185913300235,0.9581281519481402,0.9759999999999991,2.3430000000000035
mvitv2_base.fb_in1k,mvitv2,unknown,54.492,58.385,3.8930000000000007,0.4983501669397622,0.3960642484356412,1.0940000000000012,0.8590000000000018
mvitv2_large.fb_in1k,mvitv2,unknown,55.938,59.388,3.4499999999999957,0.1392703206796856,1.6705903148288623,0.3130000000000024,4.061999999999998
mvitv2_small.fb_in1k,mvitv2,unknown,55.325,58.164,2.8389999999999986,1.8180556158220844,0.6223734141708375,4.295999999999999,1.5229999999999961
mvitv2_tiny.fb_in1k,mvitv2,unknown,55.247,57.461,2.2139999999999986,0.2124936600361405,1.916718202205703,0.4689999999999941,4.452999999999996
pit_b_224.in1k,pit,224,53.906,54.362,0.45600000000000307,1.5433298056115186,0.5005623504286638,3.5549999999999997,1.1720000000000041
pit_b_distilled_224.in1k,pit,224,54.245,55.391,1.1460000000000008,0.9971781296349314,0.6952277005093749,2.421999999999997,1.5629999999999953
pit_s_224.in1k,pit,224,54.987,55.573,0.5859999999999985,1.0603031013189874,0.52823542731122,2.577999999999996,1.2890000000000015
pit_s_distilled_224.in1k,pit,224,53.164,55.885,2.7209999999999965,0.59067325052764,0.6107210674458687,1.3669999999999973,1.445999999999998
pit_ti_224.in1k,pit,224,55.143,55.091,-0.0519999999999996,0.48408539191620464,1.3622608658647806,1.171999999999997,3.1639999999999944
pit_ti_distilled_224.in1k,pit,224,54.05,53.711,-0.33899999999999864,1.36876984511235,0.8311726655755725,3.046999999999997,1.8360000000000056
pit_xs_224.in1k,pit,224,52.969,55.312,2.3429999999999964,0.39222810823408416,0.5441166133182204,0.8990000000000009,1.2890000000000015
pit_xs_distilled_224.in1k,pit,224,54.141,56.133,1.9920000000000044,0.4764523993946188,1.05436457957704,1.0940000000000012,2.5390000000000015
poolformer_m36.sail_in1k,poolformer,unknown,55.221,57.162,1.9410000000000025,0.713523806345814,0.5196340592720557,1.718999999999994,1.171999999999997
poolformer_m48.sail_in1k,poolformer,unknown,55.234,56.068,0.8339999999999961,1.1380200154459303,0.9887112824277876,2.5390000000000015,2.2650000000000006
poolformer_s12.sail_in1k,poolformer,unknown,53.554,54.622,1.0679999999999978,0.35932745820799944,0.6156889546588344,0.7809999999999988,1.445999999999998
poolformer_s24.sail_in1k,poolformer,unknown,54.675,56.029,1.3540000000000063,0.48838122632040226,0.5263123280587937,1.1329999999999956,1.2890000000000015
poolformer_s36.sail_in1k,poolformer,unknown,53.242,55.664,2.422000000000004,0.9390378054157339,0.7336222158274367,1.9919999999999973,1.7970000000000041
poolformerv2_m36.sail_in1k,poolformerv2,unknown,55.898,60.091,4.192999999999998,0.8291523114335235,2.018587680092746,2.030999999999999,4.843999999999994
poolformerv2_s12.sail_in1k,poolformerv2,unknown,54.753,55.82,1.0670000000000002,0.9460395810371186,0.4168743482420353,2.1869999999999976,0.9369999999999976
poolformerv2_s24.sail_in1k,poolformerv2,unknown,54.271,57.656,3.384999999999998,1.615017922157177,1.9633768529415503,3.8669999999999973,4.805
poolformerv2_s36.sail_in1k,poolformerv2,unknown,54.115,59.505,5.390000000000001,0.2578582728726929,0.6069552427211314,0.546999999999997,1.4840000000000018
pvt_v2_b0.in1k,pvt,unknown,54.883,56.133,1.25,0.6449208392422199,0.6211614569140248,1.4840000000000018,1.445999999999998
pvt_v2_b1.in1k,pvt,unknown,55.234,57.279,2.0450000000000017,0.7182392049697351,0.9022682527940353,1.7580000000000027,1.9140000000000015
pvt_v2_b2.in1k,pvt,unknown,55.937,58.372,2.4350000000000023,0.2922947523001788,1.3399737145017265,0.703000000000003,3.280999999999999
pvt_v2_b2_li.in1k,pvt,unknown,54.062,56.849,2.786999999999999,1.598461204478301,1.079753984325441,3.905999999999999,2.6169999999999973
pvt_v2_b3.in1k,pvt,unknown,54.87,58.086,3.216000000000001,0.5185235449491823,1.7996889237371616,1.25,4.375
pvt_v2_b4.in1k,pvt,unknown,54.167,57.252,3.085000000000001,1.2781138012277637,1.6041064664028855,2.928999999999995,3.671999999999997
pvt_v2_b5.in1k,pvt,unknown,53.659,57.747,4.088000000000001,0.48316272851102837,1.3499966255101872,1.0940000000000012,3.007000000000005
regnetx_002.pycls_in1k,regnetx,unknown,54.87,55.938,1.068000000000005,1.0798223104854916,0.24084480941515404,2.6170000000000044,0.5859999999999985
regnetx_004.pycls_in1k,regnetx,unknown,53.19,57.044,3.853999999999999,1.1834131428485435,0.6769940094926182,2.8900000000000006,1.6020000000000039
regnetx_004_tv.tv2_in1k,regnetx,unknown,52.695,54.883,2.1880000000000024,0.9607033303204945,0.774229940004905,2.3049999999999997,1.6799999999999997
regnetx_008.pycls_in1k,regnetx,unknown,53.399,57.214,3.8149999999999977,0.24084480941515443,0.4556331370253453,0.5859999999999985,1.0930000000000035
regnetx_008.tv2_in1k,regnetx,unknown,53.945,56.133,2.1880000000000024,0.9585221263312953,0.28348936879929504,2.344000000000001,0.6640000000000015
regnetx_016.pycls_in1k,regnetx,unknown,54.232,59.518,5.286000000000001,0.5490952153821371,0.7132135413433728,1.25,1.600999999999999
regnetx_016.tv2_in1k,regnetx,unknown,53.307,60.117,6.809999999999995,0.5581511145439635,1.5879597671925518,1.3670000000000044,3.7890000000000015
regnetx_032.pycls_in1k,regnetx,unknown,53.398,58.281,4.882999999999996,0.804628416655097,0.9511292703354726,1.7959999999999994,2.3049999999999997
regnety_002.pycls_in1k,regnety,unknown,52.174,55.625,3.4510000000000005,1.164011836518668,0.3140767775914377,2.656000000000006,0.7419999999999973
regnety_004.pycls_in1k,regnety,unknown,55.43,57.656,2.225999999999999,0.6546048850685074,0.5441166133182195,1.6019999999999968,1.2890000000000015
regnety_004.tv2_in1k,regnety,unknown,54.297,56.25,1.953000000000003,0.6996267258728435,0.5364649724508269,1.6799999999999997,1.25
regnety_006.pycls_in1k,regnety,unknown,54.987,57.161,2.1739999999999995,1.0065117982418275,0.5047179630469095,2.3429999999999964,1.2109999999999985
regnety_008.pycls_in1k,regnety,unknown,52.383,57.252,4.869,0.19369563753476807,1.0444584987234076,0.42900000000000205,2.4609999999999985
regnety_008_tv.tv2_in1k,regnety,unknown,53.867,56.055,2.1880000000000024,1.2489390163921796,0.5326956604541352,2.9299999999999997,1.2890000000000015
regnety_016.pycls_in1k,regnety,unknown,53.06,57.123,4.062999999999995,0.5196340592720577,0.8511299678793024,1.1720000000000041,2.0700000000000003
regnety_016.tv2_in1k,regnety,unknown,53.36,56.732,3.372,0.2780723327161872,1.8339560154667474,0.625,4.4140000000000015
regnety_032.pycls_in1k,regnety,unknown,56.888,57.044,0.1559999999999988,0.1602747640771937,0.4941230166219317,0.39000000000000057,1.132000000000005
regnety_040.ra3_in1k,regnety,unknown,54.44,55.586,1.1460000000000008,0.28587915084680227,0.5956917547412138,0.625,1.4450000000000003
regnety_080.ra3_in1k,regnety,unknown,54.831,55.599,0.7679999999999936,0.3192766129166941,1.0065376296989592,0.7420000000000044,2.225999999999999
regnety_120.sw_in12k_ft_in1k,regnety,unknown,55.508,56.836,1.3279999999999959,0.2762430491835472,1.3889766816697193,0.5860000000000056,3.3590000000000018
regnety_160.lion_in12k_ft_in1k,regnety,unknown,56.302,57.578,1.2760000000000034,0.18106904760339396,0.6475967538179582,0.42900000000000205,1.5630000000000024
regnety_320.swag_ft_in1k,regnety,unknown,57.266,59.453,2.1870000000000047,0.14628131193772473,0.640064580075065,0.35199999999999676,1.5620000000000047
regnety_320.tv2_in1k,regnety,unknown,54.167,56.888,2.7209999999999965,0.8781086999278002,1.3011444535057937,2.1480000000000032,3.1640000000000015
regnetz_d32.ra3_in1k,regnetz,unknown,54.818,57.786,2.9680000000000035,0.17577510884334238,0.670956696731534,0.4299999999999997,1.6410000000000053
repghostnet_050.in1k,repghostnet,unknown,57.044,56.367,-0.6769999999999996,0.16385833990235404,0.24079082669865545,0.39099999999999824,0.5859999999999985
repghostnet_058.in1k,repghostnet,unknown,55.156,55.729,0.5730000000000004,0.16849925815860528,0.6031817489133966,0.39000000000000057,1.4070000000000036
repvgg_a0.rvgg_in1k,repvgg,unknown,56.055,58.984,2.929000000000002,0.17773638406984152,0.4759876282239106,0.4299999999999997,1.0930000000000035
repvgg_a1.rvgg_in1k,repvgg,unknown,54.153,59.623,5.469999999999999,0.6762446960153461,0.988492567273805,1.6409999999999982,2.3830000000000027
repvgg_a2.rvgg_in1k,repvgg,unknown,54.31,58.216,3.905999999999999,0.8759497702494136,0.7717914226006906,2.0700000000000003,1.796999999999997
repvgg_b0.rvgg_in1k,repvgg,unknown,55.378,57.305,1.9269999999999996,0.4981842586388656,0.4827948724757644,1.2100000000000009,1.1330000000000027
repvgg_b1.rvgg_in1k,repvgg,unknown,53.438,59.544,6.1059999999999945,0.9951731284332165,0.9621766989487961,2.149000000000001,2.1480000000000032
repvgg_b1g4.rvgg_in1k,repvgg,unknown,56.602,59.505,2.903000000000006,0.44332255625998435,1.368573222983214,0.9769999999999968,3.046999999999997
repvgg_b2.rvgg_in1k,repvgg,unknown,55.378,60.26,4.881999999999998,0.6103869446688898,1.1765974483890231,1.4450000000000003,2.8120000000000047
repvgg_b2g4.rvgg_in1k,repvgg,unknown,55.247,58.802,3.5549999999999997,0.8850541728554733,1.2298067598881808,2.147999999999996,2.7349999999999994
repvgg_b3g4.rvgg_in1k,repvgg,unknown,57.93,62.656,4.725999999999999,0.35495946560448705,1.3004512891898576,0.8590000000000018,2.851000000000006
repvgg_d2se.rvgg_in1k,repvgg,unknown,54.427,59.193,4.765999999999998,0.655219556077706,0.6387430364917221,1.600999999999999,1.5619999999999976
repvit_m1_0.dist_450e_in1k,repvit,unknown,53.399,54.492,1.0929999999999964,0.6151039659186827,0.5524860983670911,1.406000000000006,1.1720000000000041
repvit_m1_1.dist_450e_in1k,repvit,unknown,53.802,54.87,1.0679999999999978,1.3475390738511273,0.5926872887300892,3.280999999999999,1.328000000000003
repvit_m2_3.dist_450e_in1k,repvit,unknown,54.922,53.424,-1.4979999999999976,1.390174329595633,0.31462817561192474,3.125,0.7029999999999959
res2net50_14w_8s.in1k,res2net50,unknown,53.776,57.682,3.905999999999999,0.8934364368362577,1.0684538153591658,2.1880000000000024,2.3049999999999997
res2net50_26w_4s.in1k,res2net50,unknown,55.026,57.123,2.096999999999994,0.10236210236215201,0.976611261227083,0.23399999999999466,2.2659999999999982
res2net50_26w_6s.in1k,res2net50,unknown,52.982,57.292,4.310000000000002,0.018384776310850934,0.49559481658127086,0.03900000000000148,1.1720000000000041
res2net50_26w_8s.in1k,res2net50,unknown,54.675,58.659,3.9840000000000018,0.07401050976419031,0.8475381341797482,0.15699999999999648,2.0700000000000003
res2net50_48w_2s.in1k,res2net50,unknown,54.87,57.826,2.956000000000003,0.7177624181363123,1.3017235582957805,1.7579999999999956,3.007000000000005
res2net50d.in1k,res2net50d.in1k,unknown,53.424,55.612,2.1880000000000024,0.5286626733770994,1.0526906267064198,1.2899999999999991,2.5
resmlp_12_224.fb_distilled_in1k,resmlp,224,53.802,56.966,3.1640000000000015,0.40398349801281214,0.8318238328449642,0.9380000000000024,1.9919999999999973
resmlp_12_224.fb_in1k,resmlp,224,54.74,58.099,3.3589999999999947,0.036769552621698516,1.2594795221307362,0.07799999999999585,3.085000000000001
resmlp_24_224.fb_in1k,resmlp,224,52.812,55.912,3.1000000000000014,0.355032705848662,1.0627565833978905,0.8590000000000018,2.578000000000003
resmlp_36_224.fb_in1k,resmlp,224,51.914,58.294,6.3799999999999955,0.3363044255829325,1.206193553659151,0.820999999999998,2.578000000000003
resnest101e.in1k,resnest,unknown,54.531,58.021,3.490000000000002,0.22319547984271948,1.6151388657188457,0.5079999999999956,3.5549999999999997
resnest50d.in1k,resnest,unknown,53.464,57.344,3.8800000000000026,0.0805701902415241,0.8773582823200325,0.19599999999999795,2.1480000000000032
resnest50d_1s4x24d.in1k,resnest,unknown,54.661,58.841,4.18,0.27128869411672096,0.8392818358573,0.625,1.8359999999999985
resnest50d_4s2x40d.in1k,resnest,unknown,53.685,57.943,4.257999999999996,0.4064537694088553,1.282767580922854,0.8990000000000009,3.047000000000004
resnet101.a1_in1k,resnet,unknown,53.398,53.659,0.2609999999999957,1.2549200063040775,0.13257450735341417,3.047000000000004,0.3120000000000047
resnet101.a2_in1k,resnet,unknown,54.805,55.169,0.3639999999999972,0.7357102388546446,0.5264030986062121,1.7970000000000041,1.25
resnet101.a3_in1k,resnet,unknown,54.661,57.005,2.344000000000001,0.257824660487618,0.8682527793729734,0.625,2.031000000000006
resnet10t.c3_in1k,resnet,unknown,54.479,55.221,0.7419999999999973,0.6641146152752698,0.4103797699150799,1.5629999999999953,0.9379999999999953
resnet14t.c3_in1k,resnet,unknown,52.891,58.086,5.195,0.3041516434646074,0.9524400243584915,0.7419999999999973,2.1870000000000047
resnet152.a1_in1k,resnet,unknown,55.612,54.388,-1.2240000000000038,0.29634364436504396,1.3862787117555655,0.6640000000000015,3.203000000000003
resnet152.a3_in1k,resnet,unknown,54.414,55.833,1.418999999999997,0.3553993059456739,0.3899341824804121,0.8599999999999994,0.9380000000000024
resnet18.a1_in1k,resnet,unknown,53.06,54.284,1.2239999999999966,0.3383085376792434,0.5424653598771675,0.8210000000000051,1.3279999999999959
resnet18.a3_in1k,resnet,unknown,54.935,55.977,1.0419999999999945,0.5786887476585891,0.11526587622632398,1.4059999999999988,0.2740000000000009
resnet18.fb_ssl_yfcc100m_ft_in1k,resnet,unknown,54.557,59.44,4.882999999999996,0.8016717255557632,0.9576401551035063,1.8350000000000009,2.344000000000001
resnet18.fb_swsl_ig1b_ft_in1k,resnet,unknown,56.263,59.688,3.4250000000000043,0.600351193515559,0.5309113757388215,1.328000000000003,1.2109999999999985
resnet18.gluon_in1k,resnet,unknown,54.31,59.062,4.751999999999995,0.9887112824277876,0.177736384069841,2.2650000000000006,0.4299999999999997
resnet18.tv_in1k,resnet,unknown,56.003,58.333,2.3299999999999983,0.3843143967581162,0.9465890813277376,0.9369999999999976,2.2650000000000006
resnet200d.ra2_in1k,resnet,unknown,57.643,58.724,1.080999999999996,0.5899903954020496,0.38065557485299906,1.4450000000000003,0.8599999999999994
resnet34.a1_in1k,resnet,unknown,54.648,55.182,0.5339999999999989,1.3096056234183213,1.1213605823086317,3.085000000000001,2.6169999999999973
resnet34.a3_in1k,resnet,unknown,54.596,56.641,2.0450000000000017,0.3695414576050819,1.7479173003574524,0.8200000000000003,4.061999999999998
resnet34.gluon_in1k,resnet,unknown,55.612,58.776,3.1640000000000015,0.8854268273926774,0.5924969760822982,2.148999999999994,1.328000000000003
resnet34d.ra2_in1k,resnet,unknown,54.675,54.401,-0.2739999999999938,0.873507234594477,1.1233415429967044,2.1090000000000018,2.5389999999999944
resnet50.a1_in1k,resnet,unknown,54.375,54.636,0.2610000000000028,0.8599988372085169,1.3399737145017265,1.9140000000000015,3.280999999999999
resnet50.a1h_in1k,resnet,unknown,55.43,55.338,-0.09199999999999875,1.635698491640669,0.9417378734139472,3.632000000000005,2.304000000000002
resnet50.a3_in1k,resnet,unknown,54.974,55.807,0.8330000000000055,1.0007524946536759,0.8622537651733114,2.3049999999999997,1.992999999999995
resnet50.am_in1k,resnet,unknown,54.102,57.188,3.0860000000000056,0.4951572140913115,0.7308704095498445,1.2110000000000056,1.7580000000000027
resnet50.ram_in1k,resnet,unknown,52.695,58.724,6.028999999999996,0.08424962907930209,0.5892556509887896,0.19500000000000028,1.25
resnet50.tv_in1k,resnet,unknown,52.851,59.714,6.8629999999999995,0.8627754954538038,1.6947924815609583,2.1090000000000018,4.061999999999998
resnet50d.a3_in1k,resnet,unknown,54.531,53.972,-0.5589999999999975,0.06368673331236215,0.6451962664354352,0.1559999999999988,1.406000000000006
resnet50d.ra2_in1k,resnet,unknown,54.922,57.318,2.396000000000001,1.2850154344079552,0.5546075689670632,2.9299999999999997,1.2890000000000015
resnetrs50.tf_in1k,resnetrs,unknown,54.597,56.862,2.2650000000000006,0.862981395447717,0.3806555748529977,2.0700000000000003,0.8599999999999994
resnext101_32x8d.tv2_in1k,resnext,unknown,53.841,56.289,2.4480000000000004,1.2587885710740578,0.5820265362411668,2.8130000000000024,1.2890000000000015
resnext50_32x4d.a1_in1k,resnext,unknown,55.977,56.185,0.2080000000000055,0.34489160938216834,0.2963290213409575,0.8200000000000003,0.703000000000003
resnext50_32x4d.tv_in1k,resnext,unknown,56.055,59.518,3.463000000000001,0.5561446654323757,0.4883989716978887,1.25,1.0549999999999997
rexnet_100.nav_in1k,rexnet,unknown,52.734,52.435,-0.2989999999999995,0.7740113407150813,0.8705953263268893,1.6799999999999997,2.1090000000000018
rexnet_130.nav_in1k,rexnet,unknown,55.143,52.214,-2.929000000000002,0.5498915044503463,0.4328066029481958,1.3279999999999959,0.9370000000000047
rexnet_150.nav_in1k,rexnet,unknown,54.049,53.398,-0.6509999999999962,0.16070746370000843,0.4983501669397622,0.39100000000000534,1.0940000000000012
rexnet_200.nav_in1k,rexnet,unknown,54.297,53.021,-1.2759999999999962,0.45001629600123055,0.9603559525277877,1.0940000000000012,2.2659999999999982
rexnet_300.nav_in1k,rexnet,unknown,53.633,52.839,-0.794000000000004,1.117117222537048,0.5047179630469095,2.6950000000000003,1.2109999999999985
selecsls60.in1k,selecsls60.in1k,unknown,56.81,57.891,1.080999999999996,0.6087376738428091,0.7050864407211983,1.4059999999999988,1.6400000000000006
semnasnet_075.rmsp_in1k,semnasnet,unknown,56.042,51.614,-4.428000000000004,0.46482326390432005,0.916614907629637,1.1329999999999956,2.225999999999999
seresnet50.a3_in1k,seresnet50.a3,unknown,54.74,54.44,-0.30000000000000426,0.35258316591818345,0.723097196478836,0.8590000000000018,1.678999999999995
seresnextaa101d_32x8d.sw_in12k_ft_in1k,seresnextaa101d,unknown,57.318,56.914,-0.40399999999999636,0.28587915084680227,0.5269541409521965,0.625,1.2890000000000015
seresnextaa101d_32x8d.sw_in12k_ft_in1k_288,seresnextaa101d,288,57.279,58.125,0.8459999999999965,0.4332776887350129,1.2357541107446164,0.9379999999999953,3.0079999999999956
shvit_s3.in1k,shvit,unknown,55.586,54.961,-0.625,0.9084429903228181,0.9129253346614193,2.1879999999999953,2.2269999999999968
shvit_s4.in1k,shvit,unknown,53.503,56.107,2.603999999999999,0.6766862066144279,0.3348833959587859,1.5230000000000032,0.8200000000000003
skresnet18.ra_in1k,skresnet18.ra,unknown,54.453,55.781,1.3279999999999959,0.5561446654323757,0.40734833578482416,1.25,0.9769999999999968
skresnet34.ra_in1k,skresnet34.ra,unknown,53.958,55.378,1.4200000000000017,0.7824578085892064,0.48838122632040554,1.679000000000002,1.1330000000000027
spnasnet_100.rmsp_in1k,spnasnet,unknown,54.336,52.279,-2.056999999999995,0.8137060621351876,0.5116333322474864,1.9919999999999973,1.25
swin_base_patch4_window7_224.ms_in1k,swin,224,54.766,59.675,4.908999999999999,1.4945800599350818,1.2842529172852035,3.280999999999999,3.125
swin_base_patch4_window7_224.ms_in22k_ft_in1k,swin,224,57.903,60.859,2.956000000000003,1.0088430116832936,2.1272778118734013,2.3829999999999956,4.57
swin_large_patch4_window12_384.ms_in22k_ft_in1k,swin,384,56.159,69.479,13.32,0.6186794179720393,1.013077489632458,1.3669999999999973,2.1869999999999976
swin_s3_base_224.ms_in1k,swin,224,52.526,57.865,5.338999999999999,0.4400848403054418,0.6933052878943172,1.0159999999999982,1.6799999999999997
swin_s3_small_224.ms_in1k,swin,224,52.24,57.721,5.4809999999999945,0.8204569187687791,1.0526246561175874,1.7960000000000065,2.578000000000003
swin_s3_tiny_224.ms_in1k,swin,224,54.271,58.984,4.713000000000001,0.571758301693606,0.8598020444006617,1.25,1.9140000000000015
swin_small_patch4_window7_224.ms_in1k,swin,224,56.016,59.844,3.828000000000003,0.6592553037750685,1.5490888361298767,1.6020000000000039,3.593999999999994
swin_small_patch4_window7_224.ms_in22k_ft_in1k,swin,224,55.338,60.82,5.481999999999999,0.7345666901120853,1.635285975669767,1.7580000000000027,3.9849999999999994
swin_tiny_patch4_window7_224.ms_in1k,swin,224,55.039,58.763,3.7239999999999966,0.9582776215690306,0.7108347205926266,2.225999999999999,1.5629999999999953
swin_tiny_patch4_window7_224.ms_in22k_ft_in1k,swin,224,57.513,58.477,0.9639999999999986,0.9894607959220337,1.4208638999644605,2.421999999999997,3.4379999999999953
swinv2_base_window12to16_192to256.ms_in22k_ft_in1k,swinv2,unknown,57.682,62.122,4.439999999999998,0.1118302284715526,0.8751138338651833,0.27299999999999613,1.992999999999995
swinv2_base_window12to24_192to384.ms_in22k_ft_in1k,swinv2,unknown,59.753,61.341,1.588000000000001,0.24779740829063426,4.179994577348955,0.5859999999999985,10.234000000000002
swinv2_cr_small_224.sw_in1k,swinv2,224,54.102,57.734,3.632000000000005,0.0847125859729357,4.21255507052694,0.19599999999999795,9.571000000000005
swinv2_cr_small_ns_224.sw_in1k,swinv2,224,54.245,56.601,2.3560000000000016,0.4879278179767538,1.6599972556871574,1.054000000000002,3.6330000000000027
swinv2_cr_tiny_ns_224.sw_in1k,swinv2,224,54.596,56.614,2.0180000000000007,0.6814662297005032,1.8479006707312178,1.5629999999999953,4.18
swinv2_large_window12to16_192to256.ms_in22k_ft_in1k,swinv2,unknown,56.901,63.19,6.288999999999994,0.19456618411224663,5.9261011353727895,0.4680000000000035,12.89
swinv2_large_window12to24_192to384.ms_in22k_ft_in1k,swinv2,unknown,57.656,70.195,12.538999999999994,0.5669787375985891,5.185636594371889,1.328000000000003,12.655999999999999
swinv2_small_window16_256.ms_in1k,swinv2,256,55.651,58.073,2.421999999999997,0.097283092056123,2.011175941250957,0.23400000000000176,4.8430000000000035
swinv2_tiny_window16_256.ms_in1k,swinv2,256,53.932,55.365,1.4329999999999998,0.4011195443865719,0.8390698553888245,0.9760000000000062,1.8359999999999985
tf_efficientnet_b0.aa_in1k,tf_efficientnet,unknown,56.64,53.047,-3.5930000000000035,1.1537106319273582,0.8566520102507585,2.8130000000000024,2.070999999999998
tf_efficientnet_b0.in1k,tf_efficientnet,unknown,56.758,52.93,-3.828000000000003,1.3444039571497832,1.116209160009397,3.2819999999999965,2.5389999999999944
tf_efficientnet_b1.aa_in1k,tf_efficientnet,unknown,55.326,52.474,-2.852000000000004,0.5986597995151787,0.10236210236215201,1.2889999999999944,0.23399999999999466
tf_efficientnet_b3.aa_in1k,tf_efficientnet,unknown,54.987,54.037,-0.9500000000000028,0.5498915044503457,0.7657089670509426,1.3279999999999959,1.8359999999999985
tf_efficientnet_b4.aa_in1k,tf_efficientnet,unknown,56.198,53.763,-2.4350000000000023,0.6883124290611047,0.2578582728726929,1.5629999999999953,0.546999999999997
tf_efficientnet_b5.ra_in1k,tf_efficientnet,unknown,55.859,54.115,-1.7439999999999998,0.28348936879929504,1.1049287558732268,0.6640000000000015,2.5
tf_efficientnet_b6.aa_in1k,tf_efficientnet,unknown,54.44,55.521,1.081000000000003,0.8493410517702658,1.0910644140267594,2.030999999999999,2.5390000000000015
tf_efficientnet_b7.ap_in1k,tf_efficientnet,unknown,54.857,58.242,3.384999999999998,0.2027039439401435,0.8358825010463814,0.4299999999999997,1.9919999999999973
tf_efficientnet_b7.ra_in1k,tf_efficientnet,unknown,58.268,56.628,-1.6400000000000006,0.23083086641281172,0.6721757376030647,0.5080000000000027,1.4450000000000003
tf_efficientnetv2_b3.in21k_ft_in1k,tf_efficientnetv2,unknown,57.669,52.826,-4.842999999999996,0.8378967053813323,1.427675344358407,1.953000000000003,3.476000000000006
tf_efficientnetv2_l.in21k_ft_in1k,tf_efficientnetv2,unknown,55.964,57.422,1.4579999999999984,1.1563178148281252,0.6368678565186543,2.578000000000003,1.5229999999999961
tf_mobilenetv3_large_075.in1k,tf_mobilenetv3,unknown,55.43,53.281,-2.149000000000001,0.4973317694345383,0.6449208392422178,1.0549999999999997,1.4839999999999947
tf_mobilenetv3_large_minimal_100.in1k,tf_mobilenetv3,unknown,55.377,53.125,-2.2520000000000024,0.6260252036104915,0.19369563753476807,1.328000000000003,0.42900000000000205
tf_mobilenetv3_small_075.in1k,tf_mobilenetv3,unknown,54.766,52.839,-1.9269999999999996,0.36213840202638237,0.9539770553961043,0.8200000000000003,2.3049999999999997
tf_mobilenetv3_small_100.in1k,tf_mobilenetv3,unknown,55.313,54.049,-1.264000000000003,0.7207682629589703,1.198404587589501,1.6010000000000062,2.851000000000006
tf_mobilenetv3_small_minimal_100.in1k,tf_mobilenetv3,unknown,55.065,53.906,-1.158999999999999,0.4163756316917072,0.3865180748971819,0.9770000000000039,0.9370000000000047
tiny_vit_21m_224.in1k,tiny,224,56.601,56.823,0.2220000000000013,0.47002434925106906,0.6170382664164545,1.0160000000000053,1.328000000000003
tiny_vit_5m_224.in1k,tiny,224,55.0,54.518,-0.4819999999999993,1.336528588046908,1.3213858886285492,3.202999999999996,3.0079999999999956
tinynet_c.in1k,tinynet,unknown,54.323,53.255,-1.0679999999999978,0.5301515506594924,1.9721153335666979,1.2889999999999944,4.609999999999999
tresnet_l.miil_in1k,tresnet,unknown,54.635,58.164,3.5290000000000035,0.2351826713193139,0.8200719480630934,0.546999999999997,1.9139999999999944
tresnet_m.miil_in1k,tresnet,unknown,54.753,58.333,3.5799999999999983,0.6065203120167442,1.6272902493272527,1.4849999999999994,3.945999999999998
tresnet_m.miil_in21k_ft_in1k,tresnet,unknown,54.414,56.484,2.0700000000000003,0.4291977011432679,0.8562870754341415,1.0159999999999982,2.0700000000000003
tresnet_v2_l.miil_in21k_ft_in1k,tresnet,unknown,55.989,55.912,-0.07699999999999818,0.26752486904128187,1.08499472604965,0.5859999999999985,2.5
tresnet_xl.miil_in1k,tresnet,unknown,55.013,58.151,3.1380000000000052,0.2946278254943948,0.7612082500866635,0.625,1.7190000000000012
twins_pcpvt_base.in1k,twins,unknown,54.531,56.601,2.0700000000000003,0.7517558705383607,1.628689725583796,1.7959999999999994,3.905999999999999
twins_pcpvt_large.in1k,twins,unknown,54.688,57.253,2.5649999999999977,1.0573442622386005,1.0707434592634928,2.5,2.617999999999995
twins_pcpvt_small.in1k,twins,unknown,52.63,55.378,2.7479999999999976,0.22635714160493137,0.925872681432075,0.546999999999997,2.070999999999998
twins_svt_base.in1k,twins,unknown,53.646,57.318,3.671999999999997,0.6031817489133966,1.5069873552518265,1.4070000000000036,3.477000000000004
twins_svt_large.in1k,twins,unknown,54.336,60.599,6.262999999999998,1.2217891252858102,2.145908820678706,2.9299999999999997,4.961000000000006
twins_svt_small.in1k,twins,unknown,53.58,57.279,3.699000000000005,0.5744123567225489,0.28760196259568177,1.2889999999999944,0.7029999999999959
vgg11.tv_in1k,vgg11.tv,unknown,56.107,57.943,1.8359999999999985,0.36954145760508333,0.6709308624755769,0.8200000000000003,1.6409999999999982
vgg11_bn.tv_in1k,vgg11,unknown,54.284,58.515,4.231000000000002,0.2394192046506613,0.2532118129594698,0.5859999999999985,0.5859999999999985
vgg13.tv_in1k,vgg13.tv,unknown,53.75,59.037,5.286999999999999,0.5251503488420115,0.6553453712017462,1.1329999999999956,1.4450000000000003
vgg13_bn.tv_in1k,vgg13,unknown,55.768,58.021,2.253,0.4040156762635154,0.15094664252274476,0.9769999999999968,0.35200000000000387
vgg16.tv_in1k,vgg16.tv,unknown,53.75,57.357,3.6069999999999993,0.22290356659327185,0.9571105822561298,0.5460000000000065,2.344000000000001
vgg16_bn.tv_in1k,vgg16,unknown,55.768,60.391,4.6229999999999976,1.2519124037514238,0.6514994670416521,2.969000000000001,1.524000000000001
vgg19.tv_in1k,vgg19.tv,unknown,53.034,58.373,5.338999999999999,0.494421547534758,0.5546075689670632,1.1329999999999956,1.2890000000000015
vgg19_bn.tv_in1k,vgg19,unknown,55.052,58.62,3.567999999999998,0.49547216538032274,0.3209821732675431,1.171999999999997,0.7809999999999988
visformer_small.in1k,visformer,unknown,53.346,57.071,3.7250000000000014,0.5599648798511077,0.6084742302586773,1.3669999999999973,1.328000000000003
visformer_tiny.in1k,visformer,unknown,53.021,56.511,3.490000000000002,1.3932102018958463,0.5672920078956013,3.3200000000000003,1.2890000000000015
vit_base_mci_224.apple_mclip2_dfndr2b,vit,224,58.854,56.289,-2.5649999999999977,0.6726470099539567,0.8455468973129489,1.445999999999998,2.030999999999999
vit_base_patch14_dinov2.lvd142m,vit,unknown,62.135,52.812,-9.323,0.28940436915998613,0.8808334437086036,0.6640000000000015,2.1480000000000032
vit_base_patch14_reg4_dinov2.lvd142m,vit,unknown,60.364,57.435,-2.928999999999995,0.19501168056184687,3.3013145866457503,0.4690000000000012,8.085
vit_base_patch16_224.augreg2_in21k_ft_in1k,vit,224,57.591,60.873,3.2819999999999965,1.0617121392668867,0.7563651381589589,2.5390000000000015,1.8359999999999985
vit_base_patch16_224.augreg_in1k,vit,224,54.401,54.375,-0.026000000000003354,0.6874112467964288,1.5470985747521073,1.6019999999999968,3.7890000000000015
vit_base_patch16_224.augreg_in21k_ft_in1k,vit,224,56.589,55.807,-0.7819999999999965,0.5503334342822441,2.876290473663761,1.3290000000000006,7.031000000000006
vit_base_patch16_224.dino,vit,224,56.602,57.227,0.625,0.35932745820799944,0.669643852274394,0.7809999999999988,1.5230000000000032
vit_base_patch16_224.mae,vit,224,52.852,55.429,2.5770000000000053,1.1646562678413859,1.8072936181545667,2.852000000000004,4.4140000000000015
vit_base_patch16_224.orig_in21k_ft_in1k,vit,224,54.518,56.979,2.4609999999999985,0.4511794420060473,0.8233941947815753,0.9759999999999991,1.8359999999999985
vit_base_patch16_224.sam_in1k,vit,224,56.159,58.373,2.2139999999999986,0.3803702874247088,0.37363469979231,0.8590000000000018,0.8590000000000018
vit_base_patch16_224_miil.in21k_ft_in1k,vit,224,55.026,57.409,2.3829999999999956,0.2390020920410535,1.1012557478725005,0.5850000000000009,2.6169999999999973
vit_base_patch16_clip_224.laion2b_ft_in12k_in1k,vit,224,57.943,55.299,-2.6439999999999984,0.5786887476585887,0.44206887346757395,1.4059999999999988,1.054000000000002
vit_base_patch16_clip_224.laion2b_ft_in1k,vit,224,55.039,56.133,1.0940000000000012,0.94210591525346,0.9607033303204938,2.226000000000006,2.3049999999999997
vit_base_patch16_clip_224.openai,vit,224,58.321,52.969,-5.351999999999997,0.30423711512933865,1.7246843833647416,0.6640000000000015,4.100999999999999
vit_base_patch16_clip_224.openai_ft_in12k_in1k,vit,224,56.55,56.771,0.22100000000000364,0.3843143967581162,1.9060088025913093,0.9369999999999976,4.649000000000001
vit_base_patch16_clip_224.openai_ft_in1k,vit,224,55.273,53.58,-1.693000000000005,0.5064236259189419,0.8076659100285365,1.171999999999997,1.953000000000003
vit_base_patch16_clip_384.laion2b_ft_in12k_in1k,vit,384,58.398,58.164,-0.23400000000000176,0.4816896188303081,2.060971292053015,1.171999999999997,4.882000000000005
vit_base_patch16_clip_384.laion2b_ft_in1k,vit,384,56.797,55.586,-1.2109999999999985,0.8137060621351905,2.237345450900834,1.9920000000000044,5.233999999999995
vit_base_patch16_clip_quickgelu_224.metaclip_2pt5b,vit,224,58.841,53.841,-5.0,0.40991408313884087,0.5194503505308914,0.9370000000000047,1.171999999999997
vit_base_patch16_dinov3.lvd1689m,vit,unknown,54.648,56.445,1.796999999999997,0.3865517070486461,3.5632818518264258,0.8200000000000003,8.633000000000003
vit_base_patch16_dinov3_qkvb.lvd1689m,vit,unknown,55.43,55.964,0.5339999999999989,0.7740617259337625,1.8889793246324533,1.8359999999999985,4.492999999999995
vit_base_patch16_rpn_224.sw_in1k,vit,224,54.141,59.089,4.948,0.7857795845881698,1.595455281590666,1.9140000000000015,3.9069999999999965
vit_base_patch16_siglip_224.v2_webli,vit,224,57.877,56.511,-1.3659999999999997,0.7969066584125291,2.2375644993807198,1.9140000000000015,5.469000000000001
vit_base_patch16_siglip_512.v2_webli,vit,512,58.906,56.042,-2.863999999999997,0.05515432893254945,3.351214738303445,0.11699999999999733,7.109000000000002
vit_base_patch32_224.augreg_in1k,vit,224,54.844,56.966,2.122,0.2780723327161872,0.90921541268649,0.625,2.2269999999999968
vit_base_patch32_224.augreg_in21k_ft_in1k,vit,224,56.901,57.474,0.5729999999999933,0.3695414576050819,0.37363469979230673,0.8200000000000003,0.8589999999999947
vit_base_patch32_224.sam_in1k,vit,224,53.542,57.409,3.8669999999999973,0.7055968316885285,1.3136699230273443,1.7190000000000012,2.9299999999999997
vit_base_patch32_384.augreg_in1k,vit,384,55.807,55.846,0.03899999999999437,0.27112891562666036,0.8195219473706759,0.625,1.9920000000000044
vit_base_patch32_clip_224.laion2b_ft_in12k_in1k,vit,224,54.193,54.206,0.01300000000000523,1.1455381074218172,0.9047962324314914,2.7730000000000032,2.070999999999998
vit_base_patch32_clip_224.laion2b_ft_in1k,vit,224,53.281,54.075,0.794000000000004,0.6084742302586773,1.313557595065993,1.328000000000003,3.125
vit_base_patch32_clip_224.openai_ft_in1k,vit,224,53.815,53.854,0.03900000000000148,0.35836139425011654,0.9687794153240226,0.8589999999999947,2.3049999999999997
vit_base_patch8_224.augreg2_in21k_ft_in1k,vit,224,55.521,58.737,3.216000000000001,0.6537962645622521,0.6771543398664742,1.4059999999999988,1.524000000000001
vit_base_patch8_224.augreg_in21k_ft_in1k,vit,224,56.588,55.521,-1.0670000000000002,1.0247943967233404,3.3098896591209126,2.5,7.225999999999999
vit_huge_patch14_clip_224.laion2b_ft_in1k,vit,224,58.529,54.154,-4.375,0.5106414267043624,1.7250873085795482,1.25,3.946000000000005
vit_huge_patch14_clip_336.laion2b_ft_in12k_in1k,vit,336,60.677,53.047,-7.630000000000003,1.086798356028694,0.7207321894357789,2.656000000000006,1.7180000000000035
vit_large_patch14_clip_224.laion2b_ft_in12k_in1k,vit,224,57.825,57.148,-0.6769999999999996,0.6998620498990412,1.2654417761749814,1.6409999999999982,2.929000000000002
vit_large_patch14_clip_224.laion2b_ft_in1k,vit,224,57.513,55.508,-2.0049999999999955,0.5155818719337081,3.1900635660681678,1.25,7.305
vit_large_patch14_clip_224.openai_ft_in12k_in1k,vit,224,57.604,53.724,-3.8800000000000026,0.07353910524340038,0.32726577714281235,0.1559999999999988,0.7809999999999988
vit_large_patch14_clip_224.openai_ft_in1k,vit,224,57.24,54.297,-2.943000000000005,0.7576702595603335,0.9730190131749755,1.6799999999999997,2.1870000000000047
vit_large_patch14_clip_336.openai,vit,336,58.359,54.102,-4.257000000000005,0.20918466058060461,0.7182392049697321,0.5080000000000027,1.7579999999999956
vit_large_patch14_dinov2.lvd142m,vit,unknown,61.367,53.75,-7.616999999999997,0.6373174684217849,1.2259529626648278,1.5239999999999938,2.774000000000001
vit_large_patch14_reg4_dinov2.lvd142m,vit,unknown,61.94,55.143,-6.796999999999997,0.6191494165385298,3.4145102463197006,1.368000000000002,8.125
vit_large_patch16_224.augreg_in21k_ft_in1k,vit,224,58.359,56.641,-1.7180000000000035,0.7541217113673063,0.668439642417741,1.8359999999999985,1.6020000000000039
vit_large_patch16_224.mae,vit,224,55.104,61.497,6.393000000000001,0.17584905143016408,1.930462005727011,0.39099999999999824,4.725999999999999
vit_large_patch16_384.augreg_in21k_ft_in1k,vit,384,58.503,56.745,-1.7580000000000027,0.26752486904128187,3.2162632907701374,0.5859999999999985,7.850999999999999
vit_large_patch16_dinov3.lvd1689m,vit,unknown,56.901,61.628,4.726999999999997,0.43548210831980944,1.2598585458516973,1.0549999999999997,2.9299999999999997
vit_large_patch16_dinov3_qkvb.lvd1689m,vit,unknown,57.656,60.534,2.878,0.29220578745504516,1.6680601507939294,0.703000000000003,3.9849999999999994
vit_large_r50_s32_384.augreg_in21k_ft_in1k,vit,384,57.435,55.312,-2.1230000000000047,0.22591591356077567,1.9017518824027004,0.5459999999999994,4.608999999999995
vit_medium_patch16_gap_384.sw_in12k_ft_in1k,vit,384,55.547,59.635,4.088000000000001,0.6897832187643375,3.0963070835360567,1.6400000000000006,7.383000000000003
vit_pe_spatial_base_patch16_512.fb,vit,512,52.266,57.188,4.922000000000004,0.0847125859729357,2.8610079032086255,0.19599999999999795,6.991999999999997
vit_relpos_base_patch16_224.sw_in1k,vit,224,55.573,56.406,0.8329999999999984,0.7334443855308093,0.8137060621351876,1.7959999999999994,1.9919999999999973
vit_relpos_base_patch16_clsgap_224.sw_in1k,vit,224,53.867,60.951,7.084000000000003,1.022885135291347,1.0526906267064207,2.225999999999999,2.5
vit_relpos_medium_patch16_224.sw_in1k,vit,224,52.135,54.088,1.953000000000003,1.2120495956115922,0.09239528607504124,2.7730000000000032,0.19599999999999795
vit_relpos_medium_patch16_cls_224.sw_in1k,vit,224,54.44,57.083,2.6430000000000007,0.6170382664164512,1.091973544653084,1.3279999999999959,2.655999999999999
vit_relpos_medium_patch16_rpn_224.sw_in1k,vit,224,53.789,56.524,2.7349999999999994,0.5905189807844157,1.0654646352126809,1.3669999999999973,2.578000000000003
vit_relpos_small_patch16_224.sw_in1k,vit,224,54.544,54.687,0.14300000000000068,0.7560266015308074,0.4180576781046156,1.7959999999999994,1.0150000000000006
vit_small_patch14_dinov2.lvd142m,vit,unknown,58.203,55.326,-2.8770000000000024,0.39850805094334996,0.9894784260182528,0.9380000000000024,2.422000000000004
vit_small_patch14_reg4_dinov2.lvd142m,vit,unknown,59.323,55.195,-4.128,1.3840424688410236,1.2708341967210166,3.3599999999999994,2.7339999999999947
vit_small_patch16_224.augreg_in1k,vit,224,51.211,57.865,6.6540000000000035,1.1642425291435912,0.985370770601379,2.850999999999999,2.1099999999999994
vit_small_patch16_224.augreg_in21k_ft_in1k,vit,224,55.13,58.568,3.4379999999999953,0.39347370376628343,1.9724331843351917,0.9370000000000047,4.686999999999998
vit_small_patch16_224.dino,vit,224,56.224,53.867,-2.3569999999999993,0.5925408565378983,1.3375784919855056,1.4059999999999988,3.2419999999999973
vit_small_patch16_dinov3.lvd1689m,vit,unknown,53.06,54.805,1.7449999999999974,0.5599648798511077,0.9312666404180683,1.3669999999999973,2.2650000000000006
vit_small_patch16_dinov3_qkvb.lvd1689m,vit,unknown,54.193,54.844,0.6510000000000034,0.13290180167661067,0.3865180748971819,0.3130000000000024,0.9370000000000047
vit_so400m_patch14_siglip_gap_378.webli_ft_in1k,vit,unknown,59.023,61.198,2.174999999999997,1.1905327472279879,5.126045324289152,2.8519999999999968,12.187000000000005
vit_srelpos_medium_patch16_224.sw_in1k,vit,224,52.058,57.239,5.180999999999997,1.1510442601780726,0.9592904785424585,2.4609999999999985,2.1879999999999953
vit_srelpos_small_patch16_224.sw_in1k,vit,224,51.432,56.849,5.4169999999999945,1.1746183304470525,0.5166987086838482,2.6169999999999973,1.1330000000000027
vit_tiny_patch16_224.augreg_in21k_ft_in1k,vit,224,50.82,55.456,4.636000000000003,0.5421537297360113,0.6548762393680887,1.328000000000003,1.5630000000000024
vit_tiny_r_s16_p8_224.augreg_in21k_ft_in1k,vit,224,53.437,56.172,2.7349999999999994,1.6937898990790499,0.7861607130012708,4.022999999999996,1.9149999999999991
volo_d1_224.sail_in1k,volo,224,53.411,55.82,2.408999999999999,0.5600037698285797,0.5133837637565984,1.3669999999999973,1.2110000000000056
volo_d1_384.sail_in1k,volo,384,53.802,58.138,4.3359999999999985,0.9258210770265847,1.800006666654322,2.2659999999999982,4.062000000000005
volo_d2_224.sail_in1k,volo,224,53.802,55.872,2.0700000000000003,0.9162084915563713,1.3188020658494926,2.1090000000000018,2.8900000000000006
volo_d2_384.sail_in1k,volo,384,52.904,58.893,5.988999999999997,0.47036534263863,1.013564995449229,1.0940000000000012,2.303999999999995
volo_d3_224.sail_in1k,volo,224,54.583,57.982,3.399000000000001,0.2786638755841092,0.3938155236486565,0.6640000000000015,0.9379999999999953
volo_d4_224.sail_in1k,volo,224,55.716,56.654,0.9380000000000024,0.5424653598771675,1.676225389246791,1.3279999999999959,3.9840000000000018
volo_d5_224.sail_in1k,volo,224,55.742,57.083,1.341000000000001,0.8503302626365586,1.0800031892957016,1.9920000000000044,2.4609999999999985
wide_resnet101_2.tv_in1k,wide_resnet,unknown,53.997,60.833,6.8359999999999985,0.8421370962550502,0.7368052659963836,2.030999999999999,1.5630000000000024
wide_resnet50_2.tv_in1k,wide_resnet,unknown,54.141,60.677,6.536000000000001,1.1755878907546167,1.300461712879955,2.6950000000000003,3.0859999999999985
xception.tf_in1k,xception.tf,unknown,54.44,60.182,5.742000000000004,0.3846981500692033,0.9296465278086424,0.9380000000000024,2.2659999999999982
xception65.ra3_in1k,xception65.ra3,unknown,55.638,55.221,-0.4170000000000016,0.20223253941935357,0.5581511145439635,0.42900000000000205,1.3670000000000044
xcit_large_24_p16_224.fb_dist_in1k,xcit,224,55.286,56.003,0.7169999999999987,0.9225812821763867,0.11225665038453447,2.227000000000004,0.2740000000000009
xcit_medium_24_p8_224.fb_in1k,xcit,224,52.422,57.461,5.0390000000000015,0.5605217807245919,2.0308088700482534,1.2890000000000015,4.570999999999998
xcit_nano_12_p16_224.fb_in1k,xcit,224,51.159,55.586,4.427,1.0984828932061983,0.9987712450806734,2.5789999999999935,2.225999999999999
xcit_nano_12_p8_224.fb_in1k,xcit,224,52.305,55.234,2.929000000000002,1.905180714671329,0.8503302626365553,4.375,1.9919999999999973
xcit_small_12_p16_224.fb_dist_in1k,xcit,224,54.726,55.534,0.8079999999999998,0.7357102388546404,1.0905797642640447,1.718999999999994,2.421999999999997
xcit_small_12_p8_224.fb_in1k,xcit,224,53.112,56.054,2.942,0.4581753667174468,1.3060774181579837,1.0549999999999997,3.1640000000000015
xcit_small_24_p16_384.fb_dist_in1k,xcit,384,55.834,56.12,0.28599999999999426,1.0312310873686634,0.6944351821604535,2.5,1.6400000000000006
xcit_small_24_p8_224.fb_in1k,xcit,224,54.74,56.458,1.7179999999999964,0.9833501693473978,0.1330321598545071,2.3049999999999997,0.3129999999999953
xcit_tiny_12_p16_224.fb_dist_in1k,xcit,224,53.594,53.685,0.09100000000000108,0.6223734141708402,0.739552567435202,1.5230000000000032,1.6409999999999982
xcit_tiny_12_p16_384.fb_dist_in1k,xcit,384,54.597,55.039,0.44200000000000017,0.3225981332177176,1.089903971305117,0.703000000000003,2.655999999999999
xcit_tiny_12_p8_224.fb_in1k,xcit,224,52.057,54.284,2.2269999999999968,1.07032175847577,1.257110266532821,2.6169999999999973,3.0459999999999994
xcit_tiny_24_p8_224.fb_in1k,xcit,224,53.034,56.289,3.2550000000000026,1.3374134239892552,1.1005746983583926,2.9299999999999997,2.6950000000000003
